022-S-2

This is cutadapt 5.0 with Python 3.12.9
Command line parameters: --cores=0 -e 0.1 -g ^NNNNNNGTCGGTAAAACTCGTGCCAGC -G ^NNNNNNCATAGTGGGGTATCTAATCCCAGTTTG --discard-untrimmed -o 01_Cutadapt_Lib2019/FASTQ_trim/022-S-2_S92_L001_R1_001_trim.fastq.gz -p 01_Cutadapt_Lib2019/FASTQ_trim/022-S-2_S92_L001_R2_001_trim.fastq.gz 00_FASTQ_Lib2019/022-S-2_S92_L001_R1_001.fastq.gz 00_FASTQ_Lib2019/022-S-2_S92_L001_R2_001.fastq.gz
Processing paired-end reads on 10 cores ...
No reads processed!



084-S

This is cutadapt 5.0 with Python 3.12.9
Command line parameters: --cores=0 -e 0.1 -g ^NNNNNNGTCGGTAAAACTCGTGCCAGC -G ^NNNNNNCATAGTGGGGTATCTAATCCCAGTTTG --discard-untrimmed -o 01_Cutadapt_Lib2019/FASTQ_trim/084-S_S1_L001_R1_001_trim.fastq.gz -p 01_Cutadapt_Lib2019/FASTQ_trim/084-S_S1_L001_R2_001_trim.fastq.gz 00_FASTQ_Lib2019/084-S_S1_L001_R1_001.fastq.gz 00_FASTQ_Lib2019/084-S_S1_L001_R2_001.fastq.gz
Processing paired-end reads on 10 cores ...

=== Summary ===

Total read pairs processed:             18,272
  Read 1 with adapter:                  18,061 (98.8%)
  Read 2 with adapter:                  17,936 (98.2%)

== Read fate breakdown ==
Pairs discarded as untrimmed:              390 (2.1%)
Pairs written (passing filters):        17,882 (97.9%)

Total basepairs processed:     5,447,113 bp
  Read 1:     2,720,202 bp
  Read 2:     2,726,911 bp
Total written (filtered):      4,295,397 bp (78.9%)
  Read 1:     2,201,487 bp
  Read 2:     2,093,910 bp

=== First read: Adapter 1 ===

Sequence: NNNNNNGTCGGTAAAACTCGTGCCAGC; Type: anchored 5'; Length: 27; Trimmed: 18061 times

No. of allowed errors: 2

Overview of removed sequences
length	count	expect	max.err	error counts
25	4	0.0	2	0 0 4
26	113	0.0	2	0 91 22
27	17915	0.0	2	17520 373 22
28	29	0.0	2	0 27 2


=== Second read: Adapter 2 ===

Sequence: NNNNNNCATAGTGGGGTATCTAATCCCAGTTTG; Type: anchored 5'; Length: 33; Trimmed: 17936 times

No. of allowed errors: 2

Overview of removed sequences
length	count	expect	max.err	error counts
31	6	0.0	2	0 0 6
32	96	0.0	2	0 65 31
33	17762	0.0	2	17437 276 49
34	72	0.0	2	0 45 27



085-S

This is cutadapt 5.0 with Python 3.12.9
Command line parameters: --cores=0 -e 0.1 -g ^NNNNNNGTCGGTAAAACTCGTGCCAGC -G ^NNNNNNCATAGTGGGGTATCTAATCCCAGTTTG --discard-untrimmed -o 01_Cutadapt_Lib2019/FASTQ_trim/085-S_S2_L001_R1_001_trim.fastq.gz -p 01_Cutadapt_Lib2019/FASTQ_trim/085-S_S2_L001_R2_001_trim.fastq.gz 00_FASTQ_Lib2019/085-S_S2_L001_R1_001.fastq.gz 00_FASTQ_Lib2019/085-S_S2_L001_R2_001.fastq.gz
Processing paired-end reads on 10 cores ...

=== Summary ===

Total read pairs processed:             37,392
  Read 1 with adapter:                  37,007 (99.0%)
  Read 2 with adapter:                  36,743 (98.3%)

== Read fate breakdown ==
Pairs discarded as untrimmed:              762 (2.0%)
Pairs written (passing filters):        36,630 (98.0%)

Total basepairs processed:    11,178,196 bp
  Read 1:     5,578,610 bp
  Read 2:     5,599,586 bp
Total written (filtered):      8,809,472 bp (78.8%)
  Read 1:     4,514,043 bp
  Read 2:     4,295,429 bp

=== First read: Adapter 1 ===

Sequence: NNNNNNGTCGGTAAAACTCGTGCCAGC; Type: anchored 5'; Length: 27; Trimmed: 37007 times

No. of allowed errors: 2

Overview of removed sequences
length	count	expect	max.err	error counts
25	3	0.0	2	0 0 3
26	192	0.0	2	0 161 31
27	36740	0.0	2	36102 611 27
28	72	0.0	2	0 64 8


=== Second read: Adapter 2 ===

Sequence: NNNNNNCATAGTGGGGTATCTAATCCCAGTTTG; Type: anchored 5'; Length: 33; Trimmed: 36743 times

No. of allowed errors: 2

Overview of removed sequences
length	count	expect	max.err	error counts
31	10	0.0	2	0 0 10
32	205	0.0	2	0 145 60
33	36435	0.0	2	35813 520 102
34	93	0.0	2	0 75 18



086-S

This is cutadapt 5.0 with Python 3.12.9
Command line parameters: --cores=0 -e 0.1 -g ^NNNNNNGTCGGTAAAACTCGTGCCAGC -G ^NNNNNNCATAGTGGGGTATCTAATCCCAGTTTG --discard-untrimmed -o 01_Cutadapt_Lib2019/FASTQ_trim/086-S_S3_L001_R1_001_trim.fastq.gz -p 01_Cutadapt_Lib2019/FASTQ_trim/086-S_S3_L001_R2_001_trim.fastq.gz 00_FASTQ_Lib2019/086-S_S3_L001_R1_001.fastq.gz 00_FASTQ_Lib2019/086-S_S3_L001_R2_001.fastq.gz
Processing paired-end reads on 10 cores ...

=== Summary ===

Total read pairs processed:             45,988
  Read 1 with adapter:                  45,373 (98.7%)
  Read 2 with adapter:                  44,875 (97.6%)

== Read fate breakdown ==
Pairs discarded as untrimmed:            1,226 (2.7%)
Pairs written (passing filters):        44,762 (97.3%)

Total basepairs processed:    13,677,412 bp
  Read 1:     6,816,144 bp
  Read 2:     6,861,268 bp
Total written (filtered):     10,733,360 bp (78.5%)
  Read 1:     5,500,902 bp
  Read 2:     5,232,458 bp

=== First read: Adapter 1 ===

Sequence: NNNNNNGTCGGTAAAACTCGTGCCAGC; Type: anchored 5'; Length: 27; Trimmed: 45373 times

No. of allowed errors: 2

Overview of removed sequences
length	count	expect	max.err	error counts
25	9	0.0	2	0 0 9
26	200	0.0	2	0 171 29
27	45002	0.0	2	44125 835 42
28	161	0.0	2	0 153 8
29	1	0.0	2	0 0 1


=== Second read: Adapter 2 ===

Sequence: NNNNNNCATAGTGGGGTATCTAATCCCAGTTTG; Type: anchored 5'; Length: 33; Trimmed: 44875 times

No. of allowed errors: 2

Overview of removed sequences
length	count	expect	max.err	error counts
31	14	0.0	2	0 0 14
32	248	0.0	2	0 182 66
33	44497	0.0	2	43517 699 281
34	116	0.0	2	0 95 21



087-S

This is cutadapt 5.0 with Python 3.12.9
Command line parameters: --cores=0 -e 0.1 -g ^NNNNNNGTCGGTAAAACTCGTGCCAGC -G ^NNNNNNCATAGTGGGGTATCTAATCCCAGTTTG --discard-untrimmed -o 01_Cutadapt_Lib2019/FASTQ_trim/087-S_S4_L001_R1_001_trim.fastq.gz -p 01_Cutadapt_Lib2019/FASTQ_trim/087-S_S4_L001_R2_001_trim.fastq.gz 00_FASTQ_Lib2019/087-S_S4_L001_R1_001.fastq.gz 00_FASTQ_Lib2019/087-S_S4_L001_R2_001.fastq.gz
Processing paired-end reads on 10 cores ...

=== Summary ===

Total read pairs processed:             21,100
  Read 1 with adapter:                  20,594 (97.6%)
  Read 2 with adapter:                  20,418 (96.8%)

== Read fate breakdown ==
Pairs discarded as untrimmed:              758 (3.6%)
Pairs written (passing filters):        20,342 (96.4%)

Total basepairs processed:     6,206,930 bp
  Read 1:     3,088,399 bp
  Read 2:     3,118,531 bp
Total written (filtered):      4,843,196 bp (78.0%)
  Read 1:     2,481,809 bp
  Read 2:     2,361,387 bp

=== First read: Adapter 1 ===

Sequence: NNNNNNGTCGGTAAAACTCGTGCCAGC; Type: anchored 5'; Length: 27; Trimmed: 20594 times

No. of allowed errors: 2

Overview of removed sequences
length	count	expect	max.err	error counts
25	5	0.0	2	0 0 5
26	131	0.0	2	0 118 13
27	20419	0.0	2	19993 408 18
28	39	0.0	2	0 34 5


=== Second read: Adapter 2 ===

Sequence: NNNNNNCATAGTGGGGTATCTAATCCCAGTTTG; Type: anchored 5'; Length: 33; Trimmed: 20418 times

No. of allowed errors: 2

Overview of removed sequences
length	count	expect	max.err	error counts
31	29	0.0	2	0 0 29
32	131	0.0	2	0 105 26
33	20211	0.0	2	19739 399 73
34	47	0.0	2	0 28 19



088-S

This is cutadapt 5.0 with Python 3.12.9
Command line parameters: --cores=0 -e 0.1 -g ^NNNNNNGTCGGTAAAACTCGTGCCAGC -G ^NNNNNNCATAGTGGGGTATCTAATCCCAGTTTG --discard-untrimmed -o 01_Cutadapt_Lib2019/FASTQ_trim/088-S_S5_L001_R1_001_trim.fastq.gz -p 01_Cutadapt_Lib2019/FASTQ_trim/088-S_S5_L001_R2_001_trim.fastq.gz 00_FASTQ_Lib2019/088-S_S5_L001_R1_001.fastq.gz 00_FASTQ_Lib2019/088-S_S5_L001_R2_001.fastq.gz
Processing paired-end reads on 10 cores ...

=== Summary ===

Total read pairs processed:             42,071
  Read 1 with adapter:                  41,331 (98.2%)
  Read 2 with adapter:                  40,981 (97.4%)

== Read fate breakdown ==
Pairs discarded as untrimmed:            1,216 (2.9%)
Pairs written (passing filters):        40,855 (97.1%)

Total basepairs processed:    12,545,850 bp
  Read 1:     6,249,295 bp
  Read 2:     6,296,555 bp
Total written (filtered):      9,841,826 bp (78.4%)
  Read 1:     5,043,209 bp
  Read 2:     4,798,617 bp

=== First read: Adapter 1 ===

Sequence: NNNNNNGTCGGTAAAACTCGTGCCAGC; Type: anchored 5'; Length: 27; Trimmed: 41331 times

No. of allowed errors: 2

Overview of removed sequences
length	count	expect	max.err	error counts
25	7	0.0	2	0 0 7
26	206	0.0	2	0 172 34
27	41038	0.0	2	40407 594 37
28	78	0.0	2	0 68 10
29	2	0.0	2	0 0 2


=== Second read: Adapter 2 ===

Sequence: NNNNNNCATAGTGGGGTATCTAATCCCAGTTTG; Type: anchored 5'; Length: 33; Trimmed: 40981 times

No. of allowed errors: 2

Overview of removed sequences
length	count	expect	max.err	error counts
31	11	0.0	2	0 0 11
32	245	0.0	2	0 175 70
33	40637	0.0	2	40000 429 208
34	88	0.0	2	0 72 16



089-S

This is cutadapt 5.0 with Python 3.12.9
Command line parameters: --cores=0 -e 0.1 -g ^NNNNNNGTCGGTAAAACTCGTGCCAGC -G ^NNNNNNCATAGTGGGGTATCTAATCCCAGTTTG --discard-untrimmed -o 01_Cutadapt_Lib2019/FASTQ_trim/089-S_S6_L001_R1_001_trim.fastq.gz -p 01_Cutadapt_Lib2019/FASTQ_trim/089-S_S6_L001_R2_001_trim.fastq.gz 00_FASTQ_Lib2019/089-S_S6_L001_R1_001.fastq.gz 00_FASTQ_Lib2019/089-S_S6_L001_R2_001.fastq.gz
Processing paired-end reads on 10 cores ...

=== Summary ===

Total read pairs processed:             46,932
  Read 1 with adapter:                  46,401 (98.9%)
  Read 2 with adapter:                  46,180 (98.4%)

== Read fate breakdown ==
Pairs discarded as untrimmed:              910 (1.9%)
Pairs written (passing filters):        46,022 (98.1%)

Total basepairs processed:    14,057,532 bp
  Read 1:     7,014,608 bp
  Read 2:     7,042,924 bp
Total written (filtered):     11,091,400 bp (78.9%)
  Read 1:     5,683,550 bp
  Read 2:     5,407,850 bp

=== First read: Adapter 1 ===

Sequence: NNNNNNGTCGGTAAAACTCGTGCCAGC; Type: anchored 5'; Length: 27; Trimmed: 46401 times

No. of allowed errors: 2

Overview of removed sequences
length	count	expect	max.err	error counts
25	7	0.0	2	0 0 7
26	212	0.0	2	0 179 33
27	46112	0.0	2	45420 636 56
28	70	0.0	2	0 61 9


=== Second read: Adapter 2 ===

Sequence: NNNNNNCATAGTGGGGTATCTAATCCCAGTTTG; Type: anchored 5'; Length: 33; Trimmed: 46180 times

No. of allowed errors: 2

Overview of removed sequences
length	count	expect	max.err	error counts
31	19	0.0	2	0 0 19
32	260	0.0	2	0 180 80
33	45819	0.0	2	45108 521 190
34	81	0.0	2	0 60 21
35	1	0.0	2	0 0 1



090-S

This is cutadapt 5.0 with Python 3.12.9
Command line parameters: --cores=0 -e 0.1 -g ^NNNNNNGTCGGTAAAACTCGTGCCAGC -G ^NNNNNNCATAGTGGGGTATCTAATCCCAGTTTG --discard-untrimmed -o 01_Cutadapt_Lib2019/FASTQ_trim/090-S_S7_L001_R1_001_trim.fastq.gz -p 01_Cutadapt_Lib2019/FASTQ_trim/090-S_S7_L001_R2_001_trim.fastq.gz 00_FASTQ_Lib2019/090-S_S7_L001_R1_001.fastq.gz 00_FASTQ_Lib2019/090-S_S7_L001_R2_001.fastq.gz
Processing paired-end reads on 10 cores ...

=== Summary ===

Total read pairs processed:             23,862
  Read 1 with adapter:                  23,659 (99.1%)
  Read 2 with adapter:                  23,606 (98.9%)

== Read fate breakdown ==
Pairs discarded as untrimmed:              324 (1.4%)
Pairs written (passing filters):        23,538 (98.6%)

Total basepairs processed:     7,165,870 bp
  Read 1:     3,579,201 bp
  Read 2:     3,586,669 bp
Total written (filtered):      5,676,769 bp (79.2%)
  Read 1:     2,908,851 bp
  Read 2:     2,767,918 bp

=== First read: Adapter 1 ===

Sequence: NNNNNNGTCGGTAAAACTCGTGCCAGC; Type: anchored 5'; Length: 27; Trimmed: 23659 times

No. of allowed errors: 2

Overview of removed sequences
length	count	expect	max.err	error counts
25	6	0.0	2	0 0 6
26	121	0.0	2	0 104 17
27	23490	0.0	2	23159 303 28
28	42	0.0	2	0 40 2


=== Second read: Adapter 2 ===

Sequence: NNNNNNCATAGTGGGGTATCTAATCCCAGTTTG; Type: anchored 5'; Length: 33; Trimmed: 23606 times

No. of allowed errors: 2

Overview of removed sequences
length	count	expect	max.err	error counts
31	9	0.0	2	0 0 9
32	116	0.0	2	0 85 31
33	23441	0.0	2	23133 248 60
34	39	0.0	2	0 30 9
35	1	0.0	2	0 0 1



091-S

This is cutadapt 5.0 with Python 3.12.9
Command line parameters: --cores=0 -e 0.1 -g ^NNNNNNGTCGGTAAAACTCGTGCCAGC -G ^NNNNNNCATAGTGGGGTATCTAATCCCAGTTTG --discard-untrimmed -o 01_Cutadapt_Lib2019/FASTQ_trim/091-S_S8_L001_R1_001_trim.fastq.gz -p 01_Cutadapt_Lib2019/FASTQ_trim/091-S_S8_L001_R2_001_trim.fastq.gz 00_FASTQ_Lib2019/091-S_S8_L001_R1_001.fastq.gz 00_FASTQ_Lib2019/091-S_S8_L001_R2_001.fastq.gz
Processing paired-end reads on 10 cores ...

=== Summary ===

Total read pairs processed:             27,953
  Read 1 with adapter:                  27,739 (99.2%)
  Read 2 with adapter:                  27,672 (99.0%)

== Read fate breakdown ==
Pairs discarded as untrimmed:              368 (1.3%)
Pairs written (passing filters):        27,585 (98.7%)

Total basepairs processed:     8,397,841 bp
  Read 1:     4,196,010 bp
  Read 2:     4,201,831 bp
Total written (filtered):      6,651,116 bp (79.2%)
  Read 1:     3,407,554 bp
  Read 2:     3,243,562 bp

=== First read: Adapter 1 ===

Sequence: NNNNNNGTCGGTAAAACTCGTGCCAGC; Type: anchored 5'; Length: 27; Trimmed: 27739 times

No. of allowed errors: 2

Overview of removed sequences
length	count	expect	max.err	error counts
25	6	0.0	2	0 0 6
26	130	0.0	2	0 112 18
27	27557	0.0	2	27088 436 33
28	46	0.0	2	0 43 3


=== Second read: Adapter 2 ===

Sequence: NNNNNNCATAGTGGGGTATCTAATCCCAGTTTG; Type: anchored 5'; Length: 33; Trimmed: 27672 times

No. of allowed errors: 2

Overview of removed sequences
length	count	expect	max.err	error counts
31	8	0.0	2	0 0 8
32	143	0.0	2	0 104 39
33	27446	0.0	2	27059 301 86
34	64	0.0	2	0 35 29
35	11	0.0	2	0 0 11



092-S

This is cutadapt 5.0 with Python 3.12.9
Command line parameters: --cores=0 -e 0.1 -g ^NNNNNNGTCGGTAAAACTCGTGCCAGC -G ^NNNNNNCATAGTGGGGTATCTAATCCCAGTTTG --discard-untrimmed -o 01_Cutadapt_Lib2019/FASTQ_trim/092-S_S9_L001_R1_001_trim.fastq.gz -p 01_Cutadapt_Lib2019/FASTQ_trim/092-S_S9_L001_R2_001_trim.fastq.gz 00_FASTQ_Lib2019/092-S_S9_L001_R1_001.fastq.gz 00_FASTQ_Lib2019/092-S_S9_L001_R2_001.fastq.gz
Processing paired-end reads on 10 cores ...

=== Summary ===

Total read pairs processed:             24,436
  Read 1 with adapter:                  24,053 (98.4%)
  Read 2 with adapter:                  23,818 (97.5%)

== Read fate breakdown ==
Pairs discarded as untrimmed:              676 (2.8%)
Pairs written (passing filters):        23,760 (97.2%)

Total basepairs processed:     7,244,529 bp
  Read 1:     3,615,071 bp
  Read 2:     3,629,458 bp
Total written (filtered):      5,693,001 bp (78.6%)
  Read 1:     2,918,687 bp
  Read 2:     2,774,314 bp

=== First read: Adapter 1 ===

Sequence: NNNNNNGTCGGTAAAACTCGTGCCAGC; Type: anchored 5'; Length: 27; Trimmed: 24053 times

No. of allowed errors: 2

Overview of removed sequences
length	count	expect	max.err	error counts
25	5	0.0	2	0 0 5
26	173	0.0	2	0 148 25
27	23833	0.0	2	23391 415 27
28	42	0.0	2	0 38 4


=== Second read: Adapter 2 ===

Sequence: NNNNNNCATAGTGGGGTATCTAATCCCAGTTTG; Type: anchored 5'; Length: 33; Trimmed: 23818 times

No. of allowed errors: 2

Overview of removed sequences
length	count	expect	max.err	error counts
31	35	0.0	2	0 0 35
32	162	0.0	2	0 91 71
33	23578	0.0	2	23114 361 103
34	43	0.0	2	0 33 10



093-S

This is cutadapt 5.0 with Python 3.12.9
Command line parameters: --cores=0 -e 0.1 -g ^NNNNNNGTCGGTAAAACTCGTGCCAGC -G ^NNNNNNCATAGTGGGGTATCTAATCCCAGTTTG --discard-untrimmed -o 01_Cutadapt_Lib2019/FASTQ_trim/093-S_S10_L001_R1_001_trim.fastq.gz -p 01_Cutadapt_Lib2019/FASTQ_trim/093-S_S10_L001_R2_001_trim.fastq.gz 00_FASTQ_Lib2019/093-S_S10_L001_R1_001.fastq.gz 00_FASTQ_Lib2019/093-S_S10_L001_R2_001.fastq.gz
Processing paired-end reads on 10 cores ...

=== Summary ===

Total read pairs processed:             26,291
  Read 1 with adapter:                  25,975 (98.8%)
  Read 2 with adapter:                  25,801 (98.1%)

== Read fate breakdown ==
Pairs discarded as untrimmed:              583 (2.2%)
Pairs written (passing filters):        25,708 (97.8%)

Total basepairs processed:     7,840,392 bp
  Read 1:     3,911,194 bp
  Read 2:     3,929,198 bp
Total written (filtered):      6,173,275 bp (78.7%)
  Read 1:     3,162,178 bp
  Read 2:     3,011,097 bp

=== First read: Adapter 1 ===

Sequence: NNNNNNGTCGGTAAAACTCGTGCCAGC; Type: anchored 5'; Length: 27; Trimmed: 25975 times

No. of allowed errors: 2

Overview of removed sequences
length	count	expect	max.err	error counts
25	2	0.0	2	0 0 2
26	110	0.0	2	0 86 24
27	25824	0.0	2	25425 378 21
28	39	0.0	2	0 36 3


=== Second read: Adapter 2 ===

Sequence: NNNNNNCATAGTGGGGTATCTAATCCCAGTTTG; Type: anchored 5'; Length: 33; Trimmed: 25801 times

No. of allowed errors: 2

Overview of removed sequences
length	count	expect	max.err	error counts
31	8	0.0	2	0 0 8
32	146	0.0	2	0 113 33
33	25597	0.0	2	25134 361 102
34	50	0.0	2	0 33 17



095-S

This is cutadapt 5.0 with Python 3.12.9
Command line parameters: --cores=0 -e 0.1 -g ^NNNNNNGTCGGTAAAACTCGTGCCAGC -G ^NNNNNNCATAGTGGGGTATCTAATCCCAGTTTG --discard-untrimmed -o 01_Cutadapt_Lib2019/FASTQ_trim/095-S_S11_L001_R1_001_trim.fastq.gz -p 01_Cutadapt_Lib2019/FASTQ_trim/095-S_S11_L001_R2_001_trim.fastq.gz 00_FASTQ_Lib2019/095-S_S11_L001_R1_001.fastq.gz 00_FASTQ_Lib2019/095-S_S11_L001_R2_001.fastq.gz
Processing paired-end reads on 10 cores ...

=== Summary ===

Total read pairs processed:             24,423
  Read 1 with adapter:                  24,230 (99.2%)
  Read 2 with adapter:                  24,117 (98.7%)

== Read fate breakdown ==
Pairs discarded as untrimmed:              364 (1.5%)
Pairs written (passing filters):        24,059 (98.5%)

Total basepairs processed:     7,331,788 bp
  Read 1:     3,662,144 bp
  Read 2:     3,669,644 bp
Total written (filtered):      5,804,055 bp (79.2%)
  Read 1:     2,974,108 bp
  Read 2:     2,829,947 bp

=== First read: Adapter 1 ===

Sequence: NNNNNNGTCGGTAAAACTCGTGCCAGC; Type: anchored 5'; Length: 27; Trimmed: 24230 times

No. of allowed errors: 2

Overview of removed sequences
length	count	expect	max.err	error counts
25	9	0.0	2	0 0 9
26	118	0.0	2	0 109 9
27	24068	0.0	2	23715 323 30
28	35	0.0	2	0 28 7


=== Second read: Adapter 2 ===

Sequence: NNNNNNCATAGTGGGGTATCTAATCCCAGTTTG; Type: anchored 5'; Length: 33; Trimmed: 24117 times

No. of allowed errors: 2

Overview of removed sequences
length	count	expect	max.err	error counts
31	32	0.0	2	0 0 32
32	126	0.0	2	0 84 42
33	23908	0.0	2	23599 280 29
34	51	0.0	2	0 44 7



096-S

This is cutadapt 5.0 with Python 3.12.9
Command line parameters: --cores=0 -e 0.1 -g ^NNNNNNGTCGGTAAAACTCGTGCCAGC -G ^NNNNNNCATAGTGGGGTATCTAATCCCAGTTTG --discard-untrimmed -o 01_Cutadapt_Lib2019/FASTQ_trim/096-S_S12_L001_R1_001_trim.fastq.gz -p 01_Cutadapt_Lib2019/FASTQ_trim/096-S_S12_L001_R2_001_trim.fastq.gz 00_FASTQ_Lib2019/096-S_S12_L001_R1_001.fastq.gz 00_FASTQ_Lib2019/096-S_S12_L001_R2_001.fastq.gz
Processing paired-end reads on 10 cores ...

=== Summary ===

Total read pairs processed:             20,696
  Read 1 with adapter:                  20,261 (97.9%)
  Read 2 with adapter:                  20,033 (96.8%)

== Read fate breakdown ==
Pairs discarded as untrimmed:              706 (3.4%)
Pairs written (passing filters):        19,990 (96.6%)

Total basepairs processed:     6,113,492 bp
  Read 1:     3,041,964 bp
  Read 2:     3,071,528 bp
Total written (filtered):      4,783,932 bp (78.3%)
  Read 1:     2,452,390 bp
  Read 2:     2,331,542 bp

=== First read: Adapter 1 ===

Sequence: NNNNNNGTCGGTAAAACTCGTGCCAGC; Type: anchored 5'; Length: 27; Trimmed: 20261 times

No. of allowed errors: 2

Overview of removed sequences
length	count	expect	max.err	error counts
25	3	0.0	2	0 0 3
26	78	0.0	2	0 64 14
27	20133	0.0	2	19671 447 15
28	47	0.0	2	0 34 13


=== Second read: Adapter 2 ===

Sequence: NNNNNNCATAGTGGGGTATCTAATCCCAGTTTG; Type: anchored 5'; Length: 33; Trimmed: 20033 times

No. of allowed errors: 2

Overview of removed sequences
length	count	expect	max.err	error counts
31	34	0.0	2	0 0 34
32	88	0.0	2	0 64 24
33	19871	0.0	2	19452 338 81
34	40	0.0	2	0 32 8



097-S

This is cutadapt 5.0 with Python 3.12.9
Command line parameters: --cores=0 -e 0.1 -g ^NNNNNNGTCGGTAAAACTCGTGCCAGC -G ^NNNNNNCATAGTGGGGTATCTAATCCCAGTTTG --discard-untrimmed -o 01_Cutadapt_Lib2019/FASTQ_trim/097-S_S13_L001_R1_001_trim.fastq.gz -p 01_Cutadapt_Lib2019/FASTQ_trim/097-S_S13_L001_R2_001_trim.fastq.gz 00_FASTQ_Lib2019/097-S_S13_L001_R1_001.fastq.gz 00_FASTQ_Lib2019/097-S_S13_L001_R2_001.fastq.gz
Processing paired-end reads on 10 cores ...

=== Summary ===

Total read pairs processed:             19,901
  Read 1 with adapter:                  19,464 (97.8%)
  Read 2 with adapter:                  19,109 (96.0%)

== Read fate breakdown ==
Pairs discarded as untrimmed:              834 (4.2%)
Pairs written (passing filters):        19,067 (95.8%)

Total basepairs processed:     5,792,906 bp
  Read 1:     2,879,262 bp
  Read 2:     2,913,644 bp
Total written (filtered):      4,495,074 bp (77.6%)
  Read 1:     2,303,684 bp
  Read 2:     2,191,390 bp

=== First read: Adapter 1 ===

Sequence: NNNNNNGTCGGTAAAACTCGTGCCAGC; Type: anchored 5'; Length: 27; Trimmed: 19464 times

No. of allowed errors: 2

Overview of removed sequences
length	count	expect	max.err	error counts
25	4	0.0	2	0 0 4
26	106	0.0	2	0 89 17
27	19296	0.0	2	18788 494 14
28	58	0.0	2	0 28 30


=== Second read: Adapter 2 ===

Sequence: NNNNNNCATAGTGGGGTATCTAATCCCAGTTTG; Type: anchored 5'; Length: 33; Trimmed: 19109 times

No. of allowed errors: 2

Overview of removed sequences
length	count	expect	max.err	error counts
31	2	0.0	2	0 0 2
32	154	0.0	2	0 127 27
33	18917	0.0	2	18248 566 103
34	36	0.0	2	0 28 8



099-S

This is cutadapt 5.0 with Python 3.12.9
Command line parameters: --cores=0 -e 0.1 -g ^NNNNNNGTCGGTAAAACTCGTGCCAGC -G ^NNNNNNCATAGTGGGGTATCTAATCCCAGTTTG --discard-untrimmed -o 01_Cutadapt_Lib2019/FASTQ_trim/099-S_S14_L001_R1_001_trim.fastq.gz -p 01_Cutadapt_Lib2019/FASTQ_trim/099-S_S14_L001_R2_001_trim.fastq.gz 00_FASTQ_Lib2019/099-S_S14_L001_R1_001.fastq.gz 00_FASTQ_Lib2019/099-S_S14_L001_R2_001.fastq.gz
Processing paired-end reads on 10 cores ...

=== Summary ===

Total read pairs processed:             40,426
  Read 1 with adapter:                  39,894 (98.7%)
  Read 2 with adapter:                  39,440 (97.6%)

== Read fate breakdown ==
Pairs discarded as untrimmed:            1,100 (2.7%)
Pairs written (passing filters):        39,326 (97.3%)

Total basepairs processed:    12,034,049 bp
  Read 1:     5,998,811 bp
  Read 2:     6,035,238 bp
Total written (filtered):      9,441,670 bp (78.5%)
  Read 1:     4,838,624 bp
  Read 2:     4,603,046 bp

=== First read: Adapter 1 ===

Sequence: NNNNNNGTCGGTAAAACTCGTGCCAGC; Type: anchored 5'; Length: 27; Trimmed: 39894 times

No. of allowed errors: 2

Overview of removed sequences
length	count	expect	max.err	error counts
25	8	0.0	2	0 0 8
26	226	0.0	2	0 187 39
27	39593	0.0	2	38832 726 35
28	67	0.0	2	0 55 12


=== Second read: Adapter 2 ===

Sequence: NNNNNNCATAGTGGGGTATCTAATCCCAGTTTG; Type: anchored 5'; Length: 33; Trimmed: 39440 times

No. of allowed errors: 2

Overview of removed sequences
length	count	expect	max.err	error counts
31	16	0.0	2	0 0 16
32	304	0.0	2	0 207 97
33	39017	0.0	2	38318 553 146
34	103	0.0	2	0 79 24



100-S

This is cutadapt 5.0 with Python 3.12.9
Command line parameters: --cores=0 -e 0.1 -g ^NNNNNNGTCGGTAAAACTCGTGCCAGC -G ^NNNNNNCATAGTGGGGTATCTAATCCCAGTTTG --discard-untrimmed -o 01_Cutadapt_Lib2019/FASTQ_trim/100-S_S15_L001_R1_001_trim.fastq.gz -p 01_Cutadapt_Lib2019/FASTQ_trim/100-S_S15_L001_R2_001_trim.fastq.gz 00_FASTQ_Lib2019/100-S_S15_L001_R1_001.fastq.gz 00_FASTQ_Lib2019/100-S_S15_L001_R2_001.fastq.gz
Processing paired-end reads on 10 cores ...

=== Summary ===

Total read pairs processed:             42,691
  Read 1 with adapter:                  41,959 (98.3%)
  Read 2 with adapter:                  41,465 (97.1%)

== Read fate breakdown ==
Pairs discarded as untrimmed:            1,325 (3.1%)
Pairs written (passing filters):        41,366 (96.9%)

Total basepairs processed:    12,658,699 bp
  Read 1:     6,307,135 bp
  Read 2:     6,351,564 bp
Total written (filtered):      9,927,561 bp (78.4%)
  Read 1:     5,086,955 bp
  Read 2:     4,840,606 bp

=== First read: Adapter 1 ===

Sequence: NNNNNNGTCGGTAAAACTCGTGCCAGC; Type: anchored 5'; Length: 27; Trimmed: 41959 times

No. of allowed errors: 2

Overview of removed sequences
length	count	expect	max.err	error counts
25	4	0.0	2	0 0 4
26	173	0.0	2	0 138 35
27	41715	0.0	2	40983 698 34
28	66	0.0	2	0 59 7
29	1	0.0	2	0 0 1


=== Second read: Adapter 2 ===

Sequence: NNNNNNCATAGTGGGGTATCTAATCCCAGTTTG; Type: anchored 5'; Length: 33; Trimmed: 41465 times

No. of allowed errors: 2

Overview of removed sequences
length	count	expect	max.err	error counts
31	39	0.0	2	0 0 39
32	246	0.0	2	0 155 91
33	41065	0.0	2	40300 645 120
34	114	0.0	2	0 70 44
35	1	0.0	2	0 0 1



101-S

This is cutadapt 5.0 with Python 3.12.9
Command line parameters: --cores=0 -e 0.1 -g ^NNNNNNGTCGGTAAAACTCGTGCCAGC -G ^NNNNNNCATAGTGGGGTATCTAATCCCAGTTTG --discard-untrimmed -o 01_Cutadapt_Lib2019/FASTQ_trim/101-S_S16_L001_R1_001_trim.fastq.gz -p 01_Cutadapt_Lib2019/FASTQ_trim/101-S_S16_L001_R2_001_trim.fastq.gz 00_FASTQ_Lib2019/101-S_S16_L001_R1_001.fastq.gz 00_FASTQ_Lib2019/101-S_S16_L001_R2_001.fastq.gz
Processing paired-end reads on 10 cores ...

=== Summary ===

Total read pairs processed:             16,976
  Read 1 with adapter:                  16,844 (99.2%)
  Read 2 with adapter:                  16,719 (98.5%)

== Read fate breakdown ==
Pairs discarded as untrimmed:              308 (1.8%)
Pairs written (passing filters):        16,668 (98.2%)

Total basepairs processed:     5,089,565 bp
  Read 1:     2,541,177 bp
  Read 2:     2,548,388 bp
Total written (filtered):      4,017,790 bp (78.9%)
  Read 1:     2,058,799 bp
  Read 2:     1,958,991 bp

=== First read: Adapter 1 ===

Sequence: NNNNNNGTCGGTAAAACTCGTGCCAGC; Type: anchored 5'; Length: 27; Trimmed: 16844 times

No. of allowed errors: 2

Overview of removed sequences
length	count	expect	max.err	error counts
25	2	0.0	2	0 0 2
26	87	0.0	2	0 76 11
27	16731	0.0	2	16440 278 13
28	24	0.0	2	0 23 1


=== Second read: Adapter 2 ===

Sequence: NNNNNNCATAGTGGGGTATCTAATCCCAGTTTG; Type: anchored 5'; Length: 33; Trimmed: 16719 times

No. of allowed errors: 2

Overview of removed sequences
length	count	expect	max.err	error counts
31	13	0.0	2	0 0 13
32	95	0.0	2	0 67 28
33	16569	0.0	2	16403 155 11
34	42	0.0	2	0 24 18



102-S

This is cutadapt 5.0 with Python 3.12.9
Command line parameters: --cores=0 -e 0.1 -g ^NNNNNNGTCGGTAAAACTCGTGCCAGC -G ^NNNNNNCATAGTGGGGTATCTAATCCCAGTTTG --discard-untrimmed -o 01_Cutadapt_Lib2019/FASTQ_trim/102-S_S17_L001_R1_001_trim.fastq.gz -p 01_Cutadapt_Lib2019/FASTQ_trim/102-S_S17_L001_R2_001_trim.fastq.gz 00_FASTQ_Lib2019/102-S_S17_L001_R1_001.fastq.gz 00_FASTQ_Lib2019/102-S_S17_L001_R2_001.fastq.gz
Processing paired-end reads on 10 cores ...

=== Summary ===

Total read pairs processed:             12,757
  Read 1 with adapter:                  11,966 (93.8%)
  Read 2 with adapter:                  11,391 (89.3%)

== Read fate breakdown ==
Pairs discarded as untrimmed:            1,394 (10.9%)
Pairs written (passing filters):        11,363 (89.1%)

Total basepairs processed:     3,472,587 bp
  Read 1:     1,705,954 bp
  Read 2:     1,766,633 bp
Total written (filtered):      2,563,669 bp (73.8%)
  Read 1:     1,314,580 bp
  Read 2:     1,249,089 bp

=== First read: Adapter 1 ===

Sequence: NNNNNNGTCGGTAAAACTCGTGCCAGC; Type: anchored 5'; Length: 27; Trimmed: 11966 times

No. of allowed errors: 2

Overview of removed sequences
length	count	expect	max.err	error counts
25	3	0.0	2	0 0 3
26	69	0.0	2	0 57 12
27	11870	0.0	2	11069 627 174
28	24	0.0	2	0 19 5


=== Second read: Adapter 2 ===

Sequence: NNNNNNCATAGTGGGGTATCTAATCCCAGTTTG; Type: anchored 5'; Length: 33; Trimmed: 11391 times

No. of allowed errors: 2

Overview of removed sequences
length	count	expect	max.err	error counts
31	2	0.0	2	0 0 2
32	148	0.0	2	0 130 18
33	11219	0.0	2	10364 725 130
34	22	0.0	2	0 14 8



103-S

This is cutadapt 5.0 with Python 3.12.9
Command line parameters: --cores=0 -e 0.1 -g ^NNNNNNGTCGGTAAAACTCGTGCCAGC -G ^NNNNNNCATAGTGGGGTATCTAATCCCAGTTTG --discard-untrimmed -o 01_Cutadapt_Lib2019/FASTQ_trim/103-S_S18_L001_R1_001_trim.fastq.gz -p 01_Cutadapt_Lib2019/FASTQ_trim/103-S_S18_L001_R2_001_trim.fastq.gz 00_FASTQ_Lib2019/103-S_S18_L001_R1_001.fastq.gz 00_FASTQ_Lib2019/103-S_S18_L001_R2_001.fastq.gz
Processing paired-end reads on 10 cores ...

=== Summary ===

Total read pairs processed:             41,458
  Read 1 with adapter:                  41,096 (99.1%)
  Read 2 with adapter:                  40,841 (98.5%)

== Read fate breakdown ==
Pairs discarded as untrimmed:              732 (1.8%)
Pairs written (passing filters):        40,726 (98.2%)

Total basepairs processed:    12,421,214 bp
  Read 1:     6,202,465 bp
  Read 2:     6,218,749 bp
Total written (filtered):      9,811,016 bp (79.0%)
  Read 1:     5,027,368 bp
  Read 2:     4,783,648 bp

=== First read: Adapter 1 ===

Sequence: NNNNNNGTCGGTAAAACTCGTGCCAGC; Type: anchored 5'; Length: 27; Trimmed: 41096 times

No. of allowed errors: 2

Overview of removed sequences
length	count	expect	max.err	error counts
25	5	0.0	2	0 0 5
26	198	0.0	2	0 170 28
27	40823	0.0	2	40072 717 34
28	70	0.0	2	0 58 12


=== Second read: Adapter 2 ===

Sequence: NNNNNNCATAGTGGGGTATCTAATCCCAGTTTG; Type: anchored 5'; Length: 33; Trimmed: 40841 times

No. of allowed errors: 2

Overview of removed sequences
length	count	expect	max.err	error counts
31	26	0.0	2	0 0 26
32	224	0.0	2	0 168 56
33	40510	0.0	2	39927 488 95
34	81	0.0	2	0 59 22



105-S

This is cutadapt 5.0 with Python 3.12.9
Command line parameters: --cores=0 -e 0.1 -g ^NNNNNNGTCGGTAAAACTCGTGCCAGC -G ^NNNNNNCATAGTGGGGTATCTAATCCCAGTTTG --discard-untrimmed -o 01_Cutadapt_Lib2019/FASTQ_trim/105-S_S19_L001_R1_001_trim.fastq.gz -p 01_Cutadapt_Lib2019/FASTQ_trim/105-S_S19_L001_R2_001_trim.fastq.gz 00_FASTQ_Lib2019/105-S_S19_L001_R1_001.fastq.gz 00_FASTQ_Lib2019/105-S_S19_L001_R2_001.fastq.gz
Processing paired-end reads on 10 cores ...

=== Summary ===

Total read pairs processed:             15,901
  Read 1 with adapter:                  15,632 (98.3%)
  Read 2 with adapter:                  15,450 (97.2%)

== Read fate breakdown ==
Pairs discarded as untrimmed:              500 (3.1%)
Pairs written (passing filters):        15,401 (96.9%)

Total basepairs processed:     4,711,780 bp
  Read 1:     2,345,026 bp
  Read 2:     2,366,754 bp
Total written (filtered):      3,686,812 bp (78.2%)
  Read 1:     1,889,396 bp
  Read 2:     1,797,416 bp

=== First read: Adapter 1 ===

Sequence: NNNNNNGTCGGTAAAACTCGTGCCAGC; Type: anchored 5'; Length: 27; Trimmed: 15632 times

No. of allowed errors: 2

Overview of removed sequences
length	count	expect	max.err	error counts
25	5	0.0	2	0 0 5
26	80	0.0	2	0 65 15
27	15508	0.0	2	15232 264 12
28	39	0.0	2	0 33 6


=== Second read: Adapter 2 ===

Sequence: NNNNNNCATAGTGGGGTATCTAATCCCAGTTTG; Type: anchored 5'; Length: 33; Trimmed: 15450 times

No. of allowed errors: 2

Overview of removed sequences
length	count	expect	max.err	error counts
31	8	0.0	2	0 0 8
32	101	0.0	2	0 70 31
33	15293	0.0	2	14987 264 42
34	48	0.0	2	0 33 15



106-S

This is cutadapt 5.0 with Python 3.12.9
Command line parameters: --cores=0 -e 0.1 -g ^NNNNNNGTCGGTAAAACTCGTGCCAGC -G ^NNNNNNCATAGTGGGGTATCTAATCCCAGTTTG --discard-untrimmed -o 01_Cutadapt_Lib2019/FASTQ_trim/106-S_S20_L001_R1_001_trim.fastq.gz -p 01_Cutadapt_Lib2019/FASTQ_trim/106-S_S20_L001_R2_001_trim.fastq.gz 00_FASTQ_Lib2019/106-S_S20_L001_R1_001.fastq.gz 00_FASTQ_Lib2019/106-S_S20_L001_R2_001.fastq.gz
Processing paired-end reads on 10 cores ...

=== Summary ===

Total read pairs processed:             21,424
  Read 1 with adapter:                  20,861 (97.4%)
  Read 2 with adapter:                  20,392 (95.2%)

== Read fate breakdown ==
Pairs discarded as untrimmed:            1,103 (5.1%)
Pairs written (passing filters):        20,321 (94.9%)

Total basepairs processed:     6,276,108 bp
  Read 1:     3,116,426 bp
  Read 2:     3,159,682 bp
Total written (filtered):      4,846,968 bp (77.2%)
  Read 1:     2,484,875 bp
  Read 2:     2,362,093 bp

=== First read: Adapter 1 ===

Sequence: NNNNNNGTCGGTAAAACTCGTGCCAGC; Type: anchored 5'; Length: 27; Trimmed: 20861 times

No. of allowed errors: 2

Overview of removed sequences
length	count	expect	max.err	error counts
25	3	0.0	2	0 0 3
26	89	0.0	2	0 78 11
27	20734	0.0	2	20174 533 27
28	35	0.0	2	0 34 1


=== Second read: Adapter 2 ===

Sequence: NNNNNNCATAGTGGGGTATCTAATCCCAGTTTG; Type: anchored 5'; Length: 33; Trimmed: 20392 times

No. of allowed errors: 2

Overview of removed sequences
length	count	expect	max.err	error counts
31	7	0.0	2	0 0 7
32	223	0.0	2	0 149 74
33	20103	0.0	2	19719 257 127
34	59	0.0	2	0 25 34



107-S

This is cutadapt 5.0 with Python 3.12.9
Command line parameters: --cores=0 -e 0.1 -g ^NNNNNNGTCGGTAAAACTCGTGCCAGC -G ^NNNNNNCATAGTGGGGTATCTAATCCCAGTTTG --discard-untrimmed -o 01_Cutadapt_Lib2019/FASTQ_trim/107-S_S21_L001_R1_001_trim.fastq.gz -p 01_Cutadapt_Lib2019/FASTQ_trim/107-S_S21_L001_R2_001_trim.fastq.gz 00_FASTQ_Lib2019/107-S_S21_L001_R1_001.fastq.gz 00_FASTQ_Lib2019/107-S_S21_L001_R2_001.fastq.gz
Processing paired-end reads on 10 cores ...

=== Summary ===

Total read pairs processed:             29,379
  Read 1 with adapter:                  28,517 (97.1%)
  Read 2 with adapter:                  28,023 (95.4%)

== Read fate breakdown ==
Pairs discarded as untrimmed:            1,451 (4.9%)
Pairs written (passing filters):        27,928 (95.1%)

Total basepairs processed:     8,564,143 bp
  Read 1:     4,256,378 bp
  Read 2:     4,307,765 bp
Total written (filtered):      6,631,032 bp (77.4%)
  Read 1:     3,400,847 bp
  Read 2:     3,230,185 bp

=== First read: Adapter 1 ===

Sequence: NNNNNNGTCGGTAAAACTCGTGCCAGC; Type: anchored 5'; Length: 27; Trimmed: 28517 times

No. of allowed errors: 2

Overview of removed sequences
length	count	expect	max.err	error counts
25	3	0.0	2	0 0 3
26	149	0.0	2	0 125 24
27	28311	0.0	2	27658 586 67
28	54	0.0	2	0 48 6


=== Second read: Adapter 2 ===

Sequence: NNNNNNCATAGTGGGGTATCTAATCCCAGTTTG; Type: anchored 5'; Length: 33; Trimmed: 28023 times

No. of allowed errors: 2

Overview of removed sequences
length	count	expect	max.err	error counts
31	82	0.0	2	0 0 82
32	138	0.0	2	0 96 42
33	27740	0.0	2	26836 635 269
34	63	0.0	2	0 37 26



109-S

This is cutadapt 5.0 with Python 3.12.9
Command line parameters: --cores=0 -e 0.1 -g ^NNNNNNGTCGGTAAAACTCGTGCCAGC -G ^NNNNNNCATAGTGGGGTATCTAATCCCAGTTTG --discard-untrimmed -o 01_Cutadapt_Lib2019/FASTQ_trim/109-S_S22_L001_R1_001_trim.fastq.gz -p 01_Cutadapt_Lib2019/FASTQ_trim/109-S_S22_L001_R2_001_trim.fastq.gz 00_FASTQ_Lib2019/109-S_S22_L001_R1_001.fastq.gz 00_FASTQ_Lib2019/109-S_S22_L001_R2_001.fastq.gz
Processing paired-end reads on 10 cores ...

=== Summary ===

Total read pairs processed:             19,192
  Read 1 with adapter:                  18,849 (98.2%)
  Read 2 with adapter:                  18,624 (97.0%)

== Read fate breakdown ==
Pairs discarded as untrimmed:              646 (3.4%)
Pairs written (passing filters):        18,546 (96.6%)

Total basepairs processed:     5,704,407 bp
  Read 1:     2,838,268 bp
  Read 2:     2,866,139 bp
Total written (filtered):      4,455,466 bp (78.1%)
  Read 1:     2,282,302 bp
  Read 2:     2,173,164 bp

=== First read: Adapter 1 ===

Sequence: NNNNNNGTCGGTAAAACTCGTGCCAGC; Type: anchored 5'; Length: 27; Trimmed: 18849 times

No. of allowed errors: 2

Overview of removed sequences
length	count	expect	max.err	error counts
25	3	0.0	2	0 0 3
26	79	0.0	2	0 71 8
27	18718	0.0	2	18387 309 22
28	49	0.0	2	0 43 6


=== Second read: Adapter 2 ===

Sequence: NNNNNNCATAGTGGGGTATCTAATCCCAGTTTG; Type: anchored 5'; Length: 33; Trimmed: 18624 times

No. of allowed errors: 2

Overview of removed sequences
length	count	expect	max.err	error counts
31	35	0.0	2	0 0 35
32	104	0.0	2	0 72 32
33	18448	0.0	2	18108 219 121
34	37	0.0	2	0 22 15



110-S

This is cutadapt 5.0 with Python 3.12.9
Command line parameters: --cores=0 -e 0.1 -g ^NNNNNNGTCGGTAAAACTCGTGCCAGC -G ^NNNNNNCATAGTGGGGTATCTAATCCCAGTTTG --discard-untrimmed -o 01_Cutadapt_Lib2019/FASTQ_trim/110-S_S23_L001_R1_001_trim.fastq.gz -p 01_Cutadapt_Lib2019/FASTQ_trim/110-S_S23_L001_R2_001_trim.fastq.gz 00_FASTQ_Lib2019/110-S_S23_L001_R1_001.fastq.gz 00_FASTQ_Lib2019/110-S_S23_L001_R2_001.fastq.gz
Processing paired-end reads on 10 cores ...

=== Summary ===

Total read pairs processed:             16,553
  Read 1 with adapter:                  16,222 (98.0%)
  Read 2 with adapter:                  15,966 (96.5%)

== Read fate breakdown ==
Pairs discarded as untrimmed:              637 (3.8%)
Pairs written (passing filters):        15,916 (96.2%)

Total basepairs processed:     4,875,443 bp
  Read 1:     2,425,480 bp
  Read 2:     2,449,963 bp
Total written (filtered):      3,798,558 bp (77.9%)
  Read 1:     1,946,375 bp
  Read 2:     1,852,183 bp

=== First read: Adapter 1 ===

Sequence: NNNNNNGTCGGTAAAACTCGTGCCAGC; Type: anchored 5'; Length: 27; Trimmed: 16222 times

No. of allowed errors: 2

Overview of removed sequences
length	count	expect	max.err	error counts
26	78	0.0	2	0 68 10
27	16117	0.0	2	15818 284 15
28	26	0.0	2	0 25 1
29	1	0.0	2	0 0 1


=== Second read: Adapter 2 ===

Sequence: NNNNNNCATAGTGGGGTATCTAATCCCAGTTTG; Type: anchored 5'; Length: 33; Trimmed: 15966 times

No. of allowed errors: 2

Overview of removed sequences
length	count	expect	max.err	error counts
31	2	0.0	2	0 0 2
32	101	0.0	2	0 71 30
33	15836	0.0	2	15390 314 132
34	27	0.0	2	0 21 6



111-S

This is cutadapt 5.0 with Python 3.12.9
Command line parameters: --cores=0 -e 0.1 -g ^NNNNNNGTCGGTAAAACTCGTGCCAGC -G ^NNNNNNCATAGTGGGGTATCTAATCCCAGTTTG --discard-untrimmed -o 01_Cutadapt_Lib2019/FASTQ_trim/111-S_S25_L001_R1_001_trim.fastq.gz -p 01_Cutadapt_Lib2019/FASTQ_trim/111-S_S25_L001_R2_001_trim.fastq.gz 00_FASTQ_Lib2019/111-S_S25_L001_R1_001.fastq.gz 00_FASTQ_Lib2019/111-S_S25_L001_R2_001.fastq.gz
Processing paired-end reads on 10 cores ...

=== Summary ===

Total read pairs processed:             21,426
  Read 1 with adapter:                  21,245 (99.2%)
  Read 2 with adapter:                  21,198 (98.9%)

== Read fate breakdown ==
Pairs discarded as untrimmed:              295 (1.4%)
Pairs written (passing filters):        21,131 (98.6%)

Total basepairs processed:     6,423,698 bp
  Read 1:     3,207,268 bp
  Read 2:     3,216,430 bp
Total written (filtered):      5,086,714 bp (79.2%)
  Read 1:     2,604,213 bp
  Read 2:     2,482,501 bp

=== First read: Adapter 1 ===

Sequence: NNNNNNGTCGGTAAAACTCGTGCCAGC; Type: anchored 5'; Length: 27; Trimmed: 21245 times

No. of allowed errors: 2

Overview of removed sequences
length	count	expect	max.err	error counts
25	6	0.0	2	0 0 6
26	124	0.0	2	0 87 37
27	21083	0.0	2	20755 306 22
28	31	0.0	2	0 27 4
29	1	0.0	2	0 0 1


=== Second read: Adapter 2 ===

Sequence: NNNNNNCATAGTGGGGTATCTAATCCCAGTTTG; Type: anchored 5'; Length: 33; Trimmed: 21198 times

No. of allowed errors: 2

Overview of removed sequences
length	count	expect	max.err	error counts
31	5	0.0	2	0 0 5
32	117	0.0	2	0 87 30
33	21028	0.0	2	20678 294 56
34	47	0.0	2	0 36 11
35	1	0.0	2	0 0 1



112-S

This is cutadapt 5.0 with Python 3.12.9
Command line parameters: --cores=0 -e 0.1 -g ^NNNNNNGTCGGTAAAACTCGTGCCAGC -G ^NNNNNNCATAGTGGGGTATCTAATCCCAGTTTG --discard-untrimmed -o 01_Cutadapt_Lib2019/FASTQ_trim/112-S_S26_L001_R1_001_trim.fastq.gz -p 01_Cutadapt_Lib2019/FASTQ_trim/112-S_S26_L001_R2_001_trim.fastq.gz 00_FASTQ_Lib2019/112-S_S26_L001_R1_001.fastq.gz 00_FASTQ_Lib2019/112-S_S26_L001_R2_001.fastq.gz
Processing paired-end reads on 10 cores ...

=== Summary ===

Total read pairs processed:             48,704
  Read 1 with adapter:                  47,633 (97.8%)
  Read 2 with adapter:                  47,374 (97.3%)

== Read fate breakdown ==
Pairs discarded as untrimmed:            1,474 (3.0%)
Pairs written (passing filters):        47,230 (97.0%)

Total basepairs processed:    14,490,057 bp
  Read 1:     7,213,423 bp
  Read 2:     7,276,634 bp
Total written (filtered):     11,375,902 bp (78.5%)
  Read 1:     5,829,702 bp
  Read 2:     5,546,200 bp

=== First read: Adapter 1 ===

Sequence: NNNNNNGTCGGTAAAACTCGTGCCAGC; Type: anchored 5'; Length: 27; Trimmed: 47633 times

No. of allowed errors: 2

Overview of removed sequences
length	count	expect	max.err	error counts
25	12	0.0	2	0 0 12
26	183	0.0	2	0 164 19
27	47346	0.0	2	46594 707 45
28	91	0.0	2	0 85 6
29	1	0.0	2	0 0 1


=== Second read: Adapter 2 ===

Sequence: NNNNNNCATAGTGGGGTATCTAATCCCAGTTTG; Type: anchored 5'; Length: 33; Trimmed: 47374 times

No. of allowed errors: 2

Overview of removed sequences
length	count	expect	max.err	error counts
31	15	0.0	2	0 0 15
32	240	0.0	2	0 184 56
33	47019	0.0	2	46302 674 43
34	100	0.0	2	0 80 20



113-S

This is cutadapt 5.0 with Python 3.12.9
Command line parameters: --cores=0 -e 0.1 -g ^NNNNNNGTCGGTAAAACTCGTGCCAGC -G ^NNNNNNCATAGTGGGGTATCTAATCCCAGTTTG --discard-untrimmed -o 01_Cutadapt_Lib2019/FASTQ_trim/113-S_S27_L001_R1_001_trim.fastq.gz -p 01_Cutadapt_Lib2019/FASTQ_trim/113-S_S27_L001_R2_001_trim.fastq.gz 00_FASTQ_Lib2019/113-S_S27_L001_R1_001.fastq.gz 00_FASTQ_Lib2019/113-S_S27_L001_R2_001.fastq.gz
Processing paired-end reads on 10 cores ...

=== Summary ===

Total read pairs processed:             48,393
  Read 1 with adapter:                  48,200 (99.6%)
  Read 2 with adapter:                  47,924 (99.0%)

== Read fate breakdown ==
Pairs discarded as untrimmed:              577 (1.2%)
Pairs written (passing filters):        47,816 (98.8%)

Total basepairs processed:    14,559,178 bp
  Read 1:     7,275,484 bp
  Read 2:     7,283,694 bp
Total written (filtered):     11,545,063 bp (79.3%)
  Read 1:     5,915,700 bp
  Read 2:     5,629,363 bp

=== First read: Adapter 1 ===

Sequence: NNNNNNGTCGGTAAAACTCGTGCCAGC; Type: anchored 5'; Length: 27; Trimmed: 48200 times

No. of allowed errors: 2

Overview of removed sequences
length	count	expect	max.err	error counts
25	9	0.0	2	0 0 9
26	236	0.0	2	0 203 33
27	47867	0.0	2	47151 684 32
28	88	0.0	2	0 75 13


=== Second read: Adapter 2 ===

Sequence: NNNNNNCATAGTGGGGTATCTAATCCCAGTTTG; Type: anchored 5'; Length: 33; Trimmed: 47924 times

No. of allowed errors: 2

Overview of removed sequences
length	count	expect	max.err	error counts
31	12	0.0	2	0 0 12
32	261	0.0	2	0 185 76
33	47560	0.0	2	46897 581 82
34	90	0.0	2	0 69 21
35	1	0.0	2	0 0 1



114-S

This is cutadapt 5.0 with Python 3.12.9
Command line parameters: --cores=0 -e 0.1 -g ^NNNNNNGTCGGTAAAACTCGTGCCAGC -G ^NNNNNNCATAGTGGGGTATCTAATCCCAGTTTG --discard-untrimmed -o 01_Cutadapt_Lib2019/FASTQ_trim/114-S_S28_L001_R1_001_trim.fastq.gz -p 01_Cutadapt_Lib2019/FASTQ_trim/114-S_S28_L001_R2_001_trim.fastq.gz 00_FASTQ_Lib2019/114-S_S28_L001_R1_001.fastq.gz 00_FASTQ_Lib2019/114-S_S28_L001_R2_001.fastq.gz
Processing paired-end reads on 10 cores ...

=== Summary ===

Total read pairs processed:             31,590
  Read 1 with adapter:                  31,355 (99.3%)
  Read 2 with adapter:                  31,231 (98.9%)

== Read fate breakdown ==
Pairs discarded as untrimmed:              470 (1.5%)
Pairs written (passing filters):        31,120 (98.5%)

Total basepairs processed:     9,468,441 bp
  Read 1:     4,722,803 bp
  Read 2:     4,745,638 bp
Total written (filtered):      7,488,582 bp (79.1%)
  Read 1:     3,830,394 bp
  Read 2:     3,658,188 bp

=== First read: Adapter 1 ===

Sequence: NNNNNNGTCGGTAAAACTCGTGCCAGC; Type: anchored 5'; Length: 27; Trimmed: 31355 times

No. of allowed errors: 2

Overview of removed sequences
length	count	expect	max.err	error counts
25	3	0.0	2	0 0 3
26	153	0.0	2	0 128 25
27	31152	0.0	2	30672 452 28
28	47	0.0	2	0 45 2


=== Second read: Adapter 2 ===

Sequence: NNNNNNCATAGTGGGGTATCTAATCCCAGTTTG; Type: anchored 5'; Length: 33; Trimmed: 31231 times

No. of allowed errors: 2

Overview of removed sequences
length	count	expect	max.err	error counts
31	24	0.0	2	0 0 24
32	176	0.0	2	0 125 51
33	30973	0.0	2	30576 349 48
34	58	0.0	2	0 43 15



117-S

This is cutadapt 5.0 with Python 3.12.9
Command line parameters: --cores=0 -e 0.1 -g ^NNNNNNGTCGGTAAAACTCGTGCCAGC -G ^NNNNNNCATAGTGGGGTATCTAATCCCAGTTTG --discard-untrimmed -o 01_Cutadapt_Lib2019/FASTQ_trim/117-S_S29_L001_R1_001_trim.fastq.gz -p 01_Cutadapt_Lib2019/FASTQ_trim/117-S_S29_L001_R2_001_trim.fastq.gz 00_FASTQ_Lib2019/117-S_S29_L001_R1_001.fastq.gz 00_FASTQ_Lib2019/117-S_S29_L001_R2_001.fastq.gz
Processing paired-end reads on 10 cores ...

=== Summary ===

Total read pairs processed:             63,622
  Read 1 with adapter:                  63,203 (99.3%)
  Read 2 with adapter:                  62,941 (98.9%)

== Read fate breakdown ==
Pairs discarded as untrimmed:              831 (1.3%)
Pairs written (passing filters):        62,791 (98.7%)

Total basepairs processed:    19,086,576 bp
  Read 1:     9,534,488 bp
  Read 2:     9,552,088 bp
Total written (filtered):     15,111,854 bp (79.2%)
  Read 1:     7,744,190 bp
  Read 2:     7,367,664 bp

=== First read: Adapter 1 ===

Sequence: NNNNNNGTCGGTAAAACTCGTGCCAGC; Type: anchored 5'; Length: 27; Trimmed: 63203 times

No. of allowed errors: 2

Overview of removed sequences
length	count	expect	max.err	error counts
25	15	0.0	2	0 0 15
26	290	0.0	2	0 251 39
27	62760	0.0	2	61467 1113 180
28	138	0.0	2	0 127 11


=== Second read: Adapter 2 ===

Sequence: NNNNNNCATAGTGGGGTATCTAATCCCAGTTTG; Type: anchored 5'; Length: 33; Trimmed: 62941 times

No. of allowed errors: 2

Overview of removed sequences
length	count	expect	max.err	error counts
31	22	0.0	2	0 0 22
32	290	0.0	2	0 208 82
33	62512	0.0	2	61612 799 101
34	116	0.0	2	0 84 32
35	1	0.0	2	0 0 1



118-S

This is cutadapt 5.0 with Python 3.12.9
Command line parameters: --cores=0 -e 0.1 -g ^NNNNNNGTCGGTAAAACTCGTGCCAGC -G ^NNNNNNCATAGTGGGGTATCTAATCCCAGTTTG --discard-untrimmed -o 01_Cutadapt_Lib2019/FASTQ_trim/118-S_S30_L001_R1_001_trim.fastq.gz -p 01_Cutadapt_Lib2019/FASTQ_trim/118-S_S30_L001_R2_001_trim.fastq.gz 00_FASTQ_Lib2019/118-S_S30_L001_R1_001.fastq.gz 00_FASTQ_Lib2019/118-S_S30_L001_R2_001.fastq.gz
Processing paired-end reads on 10 cores ...

=== Summary ===

Total read pairs processed:             64,849
  Read 1 with adapter:                  64,189 (99.0%)
  Read 2 with adapter:                  63,873 (98.5%)

== Read fate breakdown ==
Pairs discarded as untrimmed:            1,215 (1.9%)
Pairs written (passing filters):        63,634 (98.1%)

Total basepairs processed:    19,417,130 bp
  Read 1:     9,697,018 bp
  Read 2:     9,720,112 bp
Total written (filtered):     15,317,631 bp (78.9%)
  Read 1:     7,851,055 bp
  Read 2:     7,466,576 bp

=== First read: Adapter 1 ===

Sequence: NNNNNNGTCGGTAAAACTCGTGCCAGC; Type: anchored 5'; Length: 27; Trimmed: 64189 times

No. of allowed errors: 2

Overview of removed sequences
length	count	expect	max.err	error counts
25	16	0.0	2	0 0 16
26	282	0.0	2	0 246 36
27	63806	0.0	2	62616 1130 60
28	85	0.0	2	0 69 16


=== Second read: Adapter 2 ===

Sequence: NNNNNNCATAGTGGGGTATCTAATCCCAGTTTG; Type: anchored 5'; Length: 33; Trimmed: 63873 times

No. of allowed errors: 2

Overview of removed sequences
length	count	expect	max.err	error counts
31	18	0.0	2	0 0 18
32	332	0.0	2	0 253 79
33	63295	0.0	2	62380 842 73
34	218	0.0	2	0 100 118
35	10	0.0	2	0 0 10



119-S

This is cutadapt 5.0 with Python 3.12.9
Command line parameters: --cores=0 -e 0.1 -g ^NNNNNNGTCGGTAAAACTCGTGCCAGC -G ^NNNNNNCATAGTGGGGTATCTAATCCCAGTTTG --discard-untrimmed -o 01_Cutadapt_Lib2019/FASTQ_trim/119-S_S31_L001_R1_001_trim.fastq.gz -p 01_Cutadapt_Lib2019/FASTQ_trim/119-S_S31_L001_R2_001_trim.fastq.gz 00_FASTQ_Lib2019/119-S_S31_L001_R1_001.fastq.gz 00_FASTQ_Lib2019/119-S_S31_L001_R2_001.fastq.gz
Processing paired-end reads on 10 cores ...

=== Summary ===

Total read pairs processed:             27,745
  Read 1 with adapter:                  27,462 (99.0%)
  Read 2 with adapter:                  27,361 (98.6%)

== Read fate breakdown ==
Pairs discarded as untrimmed:              445 (1.6%)
Pairs written (passing filters):        27,300 (98.4%)

Total basepairs processed:     8,305,219 bp
  Read 1:     4,148,032 bp
  Read 2:     4,157,187 bp
Total written (filtered):      6,572,427 bp (79.1%)
  Read 1:     3,368,228 bp
  Read 2:     3,204,199 bp

=== First read: Adapter 1 ===

Sequence: NNNNNNGTCGGTAAAACTCGTGCCAGC; Type: anchored 5'; Length: 27; Trimmed: 27462 times

No. of allowed errors: 2

Overview of removed sequences
length	count	expect	max.err	error counts
25	5	0.0	2	0 0 5
26	132	0.0	2	0 107 25
27	27277	0.0	2	26893 358 26
28	48	0.0	2	0 42 6


=== Second read: Adapter 2 ===

Sequence: NNNNNNCATAGTGGGGTATCTAATCCCAGTTTG; Type: anchored 5'; Length: 33; Trimmed: 27361 times

No. of allowed errors: 2

Overview of removed sequences
length	count	expect	max.err	error counts
31	41	0.0	2	0 0 41
32	149	0.0	2	0 112 37
33	27060	0.0	2	26723 268 69
34	111	0.0	2	0 51 60



120-S

This is cutadapt 5.0 with Python 3.12.9
Command line parameters: --cores=0 -e 0.1 -g ^NNNNNNGTCGGTAAAACTCGTGCCAGC -G ^NNNNNNCATAGTGGGGTATCTAATCCCAGTTTG --discard-untrimmed -o 01_Cutadapt_Lib2019/FASTQ_trim/120-S_S32_L001_R1_001_trim.fastq.gz -p 01_Cutadapt_Lib2019/FASTQ_trim/120-S_S32_L001_R2_001_trim.fastq.gz 00_FASTQ_Lib2019/120-S_S32_L001_R1_001.fastq.gz 00_FASTQ_Lib2019/120-S_S32_L001_R2_001.fastq.gz
Processing paired-end reads on 10 cores ...

=== Summary ===

Total read pairs processed:             34,836
  Read 1 with adapter:                  34,390 (98.7%)
  Read 2 with adapter:                  34,185 (98.1%)

== Read fate breakdown ==
Pairs discarded as untrimmed:              724 (2.1%)
Pairs written (passing filters):        34,112 (97.9%)

Total basepairs processed:    10,418,873 bp
  Read 1:     5,198,234 bp
  Read 2:     5,220,639 bp
Total written (filtered):      8,228,467 bp (79.0%)
  Read 1:     4,215,881 bp
  Read 2:     4,012,586 bp

=== First read: Adapter 1 ===

Sequence: NNNNNNGTCGGTAAAACTCGTGCCAGC; Type: anchored 5'; Length: 27; Trimmed: 34390 times

No. of allowed errors: 2

Overview of removed sequences
length	count	expect	max.err	error counts
25	4	0.0	2	0 0 4
26	177	0.0	2	0 148 29
27	34154	0.0	2	33666 473 15
28	55	0.0	2	0 51 4


=== Second read: Adapter 2 ===

Sequence: NNNNNNCATAGTGGGGTATCTAATCCCAGTTTG; Type: anchored 5'; Length: 33; Trimmed: 34185 times

No. of allowed errors: 2

Overview of removed sequences
length	count	expect	max.err	error counts
31	6	0.0	2	0 0 6
32	180	0.0	2	0 143 37
33	33932	0.0	2	33436 367 129
34	67	0.0	2	0 50 17



121-S

This is cutadapt 5.0 with Python 3.12.9
Command line parameters: --cores=0 -e 0.1 -g ^NNNNNNGTCGGTAAAACTCGTGCCAGC -G ^NNNNNNCATAGTGGGGTATCTAATCCCAGTTTG --discard-untrimmed -o 01_Cutadapt_Lib2019/FASTQ_trim/121-S_S33_L001_R1_001_trim.fastq.gz -p 01_Cutadapt_Lib2019/FASTQ_trim/121-S_S33_L001_R2_001_trim.fastq.gz 00_FASTQ_Lib2019/121-S_S33_L001_R1_001.fastq.gz 00_FASTQ_Lib2019/121-S_S33_L001_R2_001.fastq.gz
Processing paired-end reads on 10 cores ...

=== Summary ===

Total read pairs processed:             50,534
  Read 1 with adapter:                  50,110 (99.2%)
  Read 2 with adapter:                  49,826 (98.6%)

== Read fate breakdown ==
Pairs discarded as untrimmed:              830 (1.6%)
Pairs written (passing filters):        49,704 (98.4%)

Total basepairs processed:    15,181,477 bp
  Read 1:     7,578,144 bp
  Read 2:     7,603,333 bp
Total written (filtered):     12,006,098 bp (79.1%)
  Read 1:     6,147,969 bp
  Read 2:     5,858,129 bp

=== First read: Adapter 1 ===

Sequence: NNNNNNGTCGGTAAAACTCGTGCCAGC; Type: anchored 5'; Length: 27; Trimmed: 50110 times

No. of allowed errors: 2

Overview of removed sequences
length	count	expect	max.err	error counts
25	11	0.0	2	0 0 11
26	233	0.0	2	0 197 36
27	49786	0.0	2	49025 716 45
28	78	0.0	2	0 71 7
29	2	0.0	2	0 0 2


=== Second read: Adapter 2 ===

Sequence: NNNNNNCATAGTGGGGTATCTAATCCCAGTTTG; Type: anchored 5'; Length: 33; Trimmed: 49826 times

No. of allowed errors: 2

Overview of removed sequences
length	count	expect	max.err	error counts
31	17	0.0	2	0 0 17
32	266	0.0	2	0 195 71
33	49425	0.0	2	48857 469 99
34	116	0.0	2	0 91 25
35	2	0.0	2	0 0 2



123-N

This is cutadapt 5.0 with Python 3.12.9
Command line parameters: --cores=0 -e 0.1 -g ^NNNNNNGTCGGTAAAACTCGTGCCAGC -G ^NNNNNNCATAGTGGGGTATCTAATCCCAGTTTG --discard-untrimmed -o 01_Cutadapt_Lib2019/FASTQ_trim/123-N_S35_L001_R1_001_trim.fastq.gz -p 01_Cutadapt_Lib2019/FASTQ_trim/123-N_S35_L001_R2_001_trim.fastq.gz 00_FASTQ_Lib2019/123-N_S35_L001_R1_001.fastq.gz 00_FASTQ_Lib2019/123-N_S35_L001_R2_001.fastq.gz
Processing paired-end reads on 10 cores ...

=== Summary ===

Total read pairs processed:              3,009
  Read 1 with adapter:                   1,876 (62.3%)
  Read 2 with adapter:                   1,211 (40.2%)

== Read fate breakdown ==
Pairs discarded as untrimmed:            1,805 (60.0%)
Pairs written (passing filters):         1,204 (40.0%)

Total basepairs processed:       483,816 bp
  Read 1:       189,112 bp
  Read 2:       294,704 bp
Total written (filtered):        111,357 bp (23.0%)
  Read 1:        58,167 bp
  Read 2:        53,190 bp

=== First read: Adapter 1 ===

Sequence: NNNNNNGTCGGTAAAACTCGTGCCAGC; Type: anchored 5'; Length: 27; Trimmed: 1876 times

No. of allowed errors: 2

Overview of removed sequences
length	count	expect	max.err	error counts
25	2	0.0	2	0 0 2
26	6	0.0	2	0 4 2
27	1862	0.0	2	1464 395 3
28	6	0.0	2	0 6


=== Second read: Adapter 2 ===

Sequence: NNNNNNCATAGTGGGGTATCTAATCCCAGTTTG; Type: anchored 5'; Length: 33; Trimmed: 1211 times

No. of allowed errors: 2

Overview of removed sequences
length	count	expect	max.err	error counts
32	13	0.0	2	0 8 5
33	1197	0.0	2	296 662 239
34	1	0.0	2	0 0 1



123-S

This is cutadapt 5.0 with Python 3.12.9
Command line parameters: --cores=0 -e 0.1 -g ^NNNNNNGTCGGTAAAACTCGTGCCAGC -G ^NNNNNNCATAGTGGGGTATCTAATCCCAGTTTG --discard-untrimmed -o 01_Cutadapt_Lib2019/FASTQ_trim/123-S_S34_L001_R1_001_trim.fastq.gz -p 01_Cutadapt_Lib2019/FASTQ_trim/123-S_S34_L001_R2_001_trim.fastq.gz 00_FASTQ_Lib2019/123-S_S34_L001_R1_001.fastq.gz 00_FASTQ_Lib2019/123-S_S34_L001_R2_001.fastq.gz
Processing paired-end reads on 10 cores ...

=== Summary ===

Total read pairs processed:             31,536
  Read 1 with adapter:                  31,089 (98.6%)
  Read 2 with adapter:                  30,732 (97.5%)

== Read fate breakdown ==
Pairs discarded as untrimmed:              877 (2.8%)
Pairs written (passing filters):        30,659 (97.2%)

Total basepairs processed:     9,423,219 bp
  Read 1:     4,694,765 bp
  Read 2:     4,728,454 bp
Total written (filtered):      7,396,496 bp (78.5%)
  Read 1:     3,791,052 bp
  Read 2:     3,605,444 bp

=== First read: Adapter 1 ===

Sequence: NNNNNNGTCGGTAAAACTCGTGCCAGC; Type: anchored 5'; Length: 27; Trimmed: 31089 times

No. of allowed errors: 2

Overview of removed sequences
length	count	expect	max.err	error counts
25	6	0.0	2	0 0 6
26	146	0.0	2	0 130 16
27	30888	0.0	2	30328 534 26
28	49	0.0	2	0 45 4


=== Second read: Adapter 2 ===

Sequence: NNNNNNCATAGTGGGGTATCTAATCCCAGTTTG; Type: anchored 5'; Length: 33; Trimmed: 30732 times

No. of allowed errors: 2

Overview of removed sequences
length	count	expect	max.err	error counts
31	8	0.0	2	0 0 8
32	145	0.0	2	0 108 37
33	30525	0.0	2	30151 241 133
34	53	0.0	2	0 42 11
35	1	0.0	2	0 0 1



124-S

This is cutadapt 5.0 with Python 3.12.9
Command line parameters: --cores=0 -e 0.1 -g ^NNNNNNGTCGGTAAAACTCGTGCCAGC -G ^NNNNNNCATAGTGGGGTATCTAATCCCAGTTTG --discard-untrimmed -o 01_Cutadapt_Lib2019/FASTQ_trim/124-S_S36_L001_R1_001_trim.fastq.gz -p 01_Cutadapt_Lib2019/FASTQ_trim/124-S_S36_L001_R2_001_trim.fastq.gz 00_FASTQ_Lib2019/124-S_S36_L001_R1_001.fastq.gz 00_FASTQ_Lib2019/124-S_S36_L001_R2_001.fastq.gz
Processing paired-end reads on 10 cores ...

=== Summary ===

Total read pairs processed:             29,768
  Read 1 with adapter:                  29,329 (98.5%)
  Read 2 with adapter:                  29,055 (97.6%)

== Read fate breakdown ==
Pairs discarded as untrimmed:              771 (2.6%)
Pairs written (passing filters):        28,997 (97.4%)

Total basepairs processed:     8,872,631 bp
  Read 1:     4,420,928 bp
  Read 2:     4,451,703 bp
Total written (filtered):      6,975,359 bp (78.6%)
  Read 1:     3,577,220 bp
  Read 2:     3,398,139 bp

=== First read: Adapter 1 ===

Sequence: NNNNNNGTCGGTAAAACTCGTGCCAGC; Type: anchored 5'; Length: 27; Trimmed: 29329 times

No. of allowed errors: 2

Overview of removed sequences
length	count	expect	max.err	error counts
25	5	0.0	2	0 0 5
26	137	0.0	2	0 116 21
27	29146	0.0	2	28613 504 29
28	41	0.0	2	0 40 1


=== Second read: Adapter 2 ===

Sequence: NNNNNNCATAGTGGGGTATCTAATCCCAGTTTG; Type: anchored 5'; Length: 33; Trimmed: 29055 times

No. of allowed errors: 2

Overview of removed sequences
length	count	expect	max.err	error counts
31	9	0.0	2	0 0 9
32	160	0.0	2	0 113 47
33	28828	0.0	2	28419 321 88
34	57	0.0	2	0 48 9
35	1	0.0	2	0 0 1



125-S

This is cutadapt 5.0 with Python 3.12.9
Command line parameters: --cores=0 -e 0.1 -g ^NNNNNNGTCGGTAAAACTCGTGCCAGC -G ^NNNNNNCATAGTGGGGTATCTAATCCCAGTTTG --discard-untrimmed -o 01_Cutadapt_Lib2019/FASTQ_trim/125-S_S37_L001_R1_001_trim.fastq.gz -p 01_Cutadapt_Lib2019/FASTQ_trim/125-S_S37_L001_R2_001_trim.fastq.gz 00_FASTQ_Lib2019/125-S_S37_L001_R1_001.fastq.gz 00_FASTQ_Lib2019/125-S_S37_L001_R2_001.fastq.gz
Processing paired-end reads on 10 cores ...

=== Summary ===

Total read pairs processed:              3,381
  Read 1 with adapter:                   1,565 (46.3%)
  Read 2 with adapter:                     770 (22.8%)

== Read fate breakdown ==
Pairs discarded as untrimmed:            2,617 (77.4%)
Pairs written (passing filters):           764 (22.6%)

Total basepairs processed:       481,802 bp
  Read 1:       191,191 bp
  Read 2:       290,611 bp
Total written (filtered):         75,408 bp (15.7%)
  Read 1:        39,416 bp
  Read 2:        35,992 bp

=== First read: Adapter 1 ===

Sequence: NNNNNNGTCGGTAAAACTCGTGCCAGC; Type: anchored 5'; Length: 27; Trimmed: 1565 times

No. of allowed errors: 2

Overview of removed sequences
length	count	expect	max.err	error counts
26	6	0.0	2	0 4 2
27	1555	0.0	2	1187 365 3
28	4	0.0	2	0 3 1


=== Second read: Adapter 2 ===

Sequence: NNNNNNCATAGTGGGGTATCTAATCCCAGTTTG; Type: anchored 5'; Length: 33; Trimmed: 770 times

No. of allowed errors: 2

Overview of removed sequences
length	count	expect	max.err	error counts
32	18	0.0	2	0 2 16
33	750	0.0	2	473 270 7
34	2	0.0	2	0 1 1



126-S

This is cutadapt 5.0 with Python 3.12.9
Command line parameters: --cores=0 -e 0.1 -g ^NNNNNNGTCGGTAAAACTCGTGCCAGC -G ^NNNNNNCATAGTGGGGTATCTAATCCCAGTTTG --discard-untrimmed -o 01_Cutadapt_Lib2019/FASTQ_trim/126-S_S38_L001_R1_001_trim.fastq.gz -p 01_Cutadapt_Lib2019/FASTQ_trim/126-S_S38_L001_R2_001_trim.fastq.gz 00_FASTQ_Lib2019/126-S_S38_L001_R1_001.fastq.gz 00_FASTQ_Lib2019/126-S_S38_L001_R2_001.fastq.gz
Processing paired-end reads on 10 cores ...

=== Summary ===

Total read pairs processed:             30,654
  Read 1 with adapter:                  29,871 (97.4%)
  Read 2 with adapter:                  29,475 (96.2%)

== Read fate breakdown ==
Pairs discarded as untrimmed:            1,233 (4.0%)
Pairs written (passing filters):        29,421 (96.0%)

Total basepairs processed:     8,952,400 bp
  Read 1:     4,468,226 bp
  Read 2:     4,484,174 bp
Total written (filtered):      6,973,495 bp (77.9%)
  Read 1:     3,589,455 bp
  Read 2:     3,384,040 bp

=== First read: Adapter 1 ===

Sequence: NNNNNNGTCGGTAAAACTCGTGCCAGC; Type: anchored 5'; Length: 27; Trimmed: 29871 times

No. of allowed errors: 2

Overview of removed sequences
length	count	expect	max.err	error counts
25	7	0.0	2	0 0 7
26	144	0.0	2	0 117 27
27	29672	0.0	2	28837 811 24
28	48	0.0	2	0 42 6


=== Second read: Adapter 2 ===

Sequence: NNNNNNCATAGTGGGGTATCTAATCCCAGTTTG; Type: anchored 5'; Length: 33; Trimmed: 29475 times

No. of allowed errors: 2

Overview of removed sequences
length	count	expect	max.err	error counts
31	12	0.0	2	0 0 12
32	168	0.0	2	0 130 38
33	29059	0.0	2	28561 479 19
34	236	0.0	2	0 50 186



127-S

This is cutadapt 5.0 with Python 3.12.9
Command line parameters: --cores=0 -e 0.1 -g ^NNNNNNGTCGGTAAAACTCGTGCCAGC -G ^NNNNNNCATAGTGGGGTATCTAATCCCAGTTTG --discard-untrimmed -o 01_Cutadapt_Lib2019/FASTQ_trim/127-S_S39_L001_R1_001_trim.fastq.gz -p 01_Cutadapt_Lib2019/FASTQ_trim/127-S_S39_L001_R2_001_trim.fastq.gz 00_FASTQ_Lib2019/127-S_S39_L001_R1_001.fastq.gz 00_FASTQ_Lib2019/127-S_S39_L001_R2_001.fastq.gz
Processing paired-end reads on 10 cores ...

=== Summary ===

Total read pairs processed:             15,632
  Read 1 with adapter:                  14,511 (92.8%)
  Read 2 with adapter:                  13,789 (88.2%)

== Read fate breakdown ==
Pairs discarded as untrimmed:            1,872 (12.0%)
Pairs written (passing filters):        13,760 (88.0%)

Total basepairs processed:     4,140,588 bp
  Read 1:     2,039,105 bp
  Read 2:     2,101,483 bp
Total written (filtered):      3,013,608 bp (72.8%)
  Read 1:     1,551,968 bp
  Read 2:     1,461,640 bp

=== First read: Adapter 1 ===

Sequence: NNNNNNGTCGGTAAAACTCGTGCCAGC; Type: anchored 5'; Length: 27; Trimmed: 14511 times

No. of allowed errors: 2

Overview of removed sequences
length	count	expect	max.err	error counts
25	3	0.0	2	0 0 3
26	65	0.0	2	0 52 13
27	14420	0.0	2	13962 441 17
28	23	0.0	2	0 21 2


=== Second read: Adapter 2 ===

Sequence: NNNNNNCATAGTGGGGTATCTAATCCCAGTTTG; Type: anchored 5'; Length: 33; Trimmed: 13789 times

No. of allowed errors: 2

Overview of removed sequences
length	count	expect	max.err	error counts
31	3	0.0	2	0 0 3
32	193	0.0	2	0 179 14
33	13568	0.0	2	12597 558 413
34	25	0.0	2	0 16 9



128-S

This is cutadapt 5.0 with Python 3.12.9
Command line parameters: --cores=0 -e 0.1 -g ^NNNNNNGTCGGTAAAACTCGTGCCAGC -G ^NNNNNNCATAGTGGGGTATCTAATCCCAGTTTG --discard-untrimmed -o 01_Cutadapt_Lib2019/FASTQ_trim/128-S_S40_L001_R1_001_trim.fastq.gz -p 01_Cutadapt_Lib2019/FASTQ_trim/128-S_S40_L001_R2_001_trim.fastq.gz 00_FASTQ_Lib2019/128-S_S40_L001_R1_001.fastq.gz 00_FASTQ_Lib2019/128-S_S40_L001_R2_001.fastq.gz
Processing paired-end reads on 10 cores ...

=== Summary ===

Total read pairs processed:             37,919
  Read 1 with adapter:                  37,276 (98.3%)
  Read 2 with adapter:                  36,878 (97.3%)

== Read fate breakdown ==
Pairs discarded as untrimmed:            1,121 (3.0%)
Pairs written (passing filters):        36,798 (97.0%)

Total basepairs processed:    11,176,397 bp
  Read 1:     5,584,139 bp
  Read 2:     5,592,258 bp
Total written (filtered):      8,754,936 bp (78.3%)
  Read 1:     4,504,753 bp
  Read 2:     4,250,183 bp

=== First read: Adapter 1 ===

Sequence: NNNNNNGTCGGTAAAACTCGTGCCAGC; Type: anchored 5'; Length: 27; Trimmed: 37276 times

No. of allowed errors: 2

Overview of removed sequences
length	count	expect	max.err	error counts
25	4	0.0	2	0 0 4
26	164	0.0	2	0 140 24
27	37045	0.0	2	36233 781 31
28	63	0.0	2	0 61 2


=== Second read: Adapter 2 ===

Sequence: NNNNNNCATAGTGGGGTATCTAATCCCAGTTTG; Type: anchored 5'; Length: 33; Trimmed: 36878 times

No. of allowed errors: 2

Overview of removed sequences
length	count	expect	max.err	error counts
31	150	0.0	2	0 0 150
32	181	0.0	2	0 134 47
33	36480	0.0	2	35630 627 223
34	67	0.0	2	0 44 23



129-S

This is cutadapt 5.0 with Python 3.12.9
Command line parameters: --cores=0 -e 0.1 -g ^NNNNNNGTCGGTAAAACTCGTGCCAGC -G ^NNNNNNCATAGTGGGGTATCTAATCCCAGTTTG --discard-untrimmed -o 01_Cutadapt_Lib2019/FASTQ_trim/129-S_S41_L001_R1_001_trim.fastq.gz -p 01_Cutadapt_Lib2019/FASTQ_trim/129-S_S41_L001_R2_001_trim.fastq.gz 00_FASTQ_Lib2019/129-S_S41_L001_R1_001.fastq.gz 00_FASTQ_Lib2019/129-S_S41_L001_R2_001.fastq.gz
Processing paired-end reads on 10 cores ...

=== Summary ===

Total read pairs processed:              4,046
  Read 1 with adapter:                   2,385 (58.9%)
  Read 2 with adapter:                   1,965 (48.6%)

== Read fate breakdown ==
Pairs discarded as untrimmed:            2,108 (52.1%)
Pairs written (passing filters):         1,938 (47.9%)

Total basepairs processed:       574,158 bp
  Read 1:       228,742 bp
  Read 2:       345,416 bp
Total written (filtered):        142,568 bp (24.8%)
  Read 1:        75,796 bp
  Read 2:        66,772 bp

=== First read: Adapter 1 ===

Sequence: NNNNNNGTCGGTAAAACTCGTGCCAGC; Type: anchored 5'; Length: 27; Trimmed: 2385 times

No. of allowed errors: 2

Overview of removed sequences
length	count	expect	max.err	error counts
26	97	0.0	2	0 90 7
27	2281	0.0	2	1078 442 761
28	7	0.0	2	0 7


=== Second read: Adapter 2 ===

Sequence: NNNNNNCATAGTGGGGTATCTAATCCCAGTTTG; Type: anchored 5'; Length: 33; Trimmed: 1965 times

No. of allowed errors: 2

Overview of removed sequences
length	count	expect	max.err	error counts
32	218	0.0	2	0 14 204
33	1745	0.0	2	1402 335 8
34	2	0.0	2	0 1 1



130-S

This is cutadapt 5.0 with Python 3.12.9
Command line parameters: --cores=0 -e 0.1 -g ^NNNNNNGTCGGTAAAACTCGTGCCAGC -G ^NNNNNNCATAGTGGGGTATCTAATCCCAGTTTG --discard-untrimmed -o 01_Cutadapt_Lib2019/FASTQ_trim/130-S_S42_L001_R1_001_trim.fastq.gz -p 01_Cutadapt_Lib2019/FASTQ_trim/130-S_S42_L001_R2_001_trim.fastq.gz 00_FASTQ_Lib2019/130-S_S42_L001_R1_001.fastq.gz 00_FASTQ_Lib2019/130-S_S42_L001_R2_001.fastq.gz
Processing paired-end reads on 10 cores ...

=== Summary ===

Total read pairs processed:             23,636
  Read 1 with adapter:                  23,070 (97.6%)
  Read 2 with adapter:                  22,431 (94.9%)

== Read fate breakdown ==
Pairs discarded as untrimmed:            1,249 (5.3%)
Pairs written (passing filters):        22,387 (94.7%)

Total basepairs processed:     6,734,555 bp
  Read 1:     3,347,116 bp
  Read 2:     3,387,439 bp
Total written (filtered):      5,145,012 bp (76.4%)
  Read 1:     2,647,429 bp
  Read 2:     2,497,583 bp

=== First read: Adapter 1 ===

Sequence: NNNNNNGTCGGTAAAACTCGTGCCAGC; Type: anchored 5'; Length: 27; Trimmed: 23070 times

No. of allowed errors: 2

Overview of removed sequences
length	count	expect	max.err	error counts
25	4	0.0	2	0 0 4
26	131	0.0	2	0 108 23
27	22888	0.0	2	22126 720 42
28	47	0.0	2	0 25 22


=== Second read: Adapter 2 ===

Sequence: NNNNNNCATAGTGGGGTATCTAATCCCAGTTTG; Type: anchored 5'; Length: 33; Trimmed: 22431 times

No. of allowed errors: 2

Overview of removed sequences
length	count	expect	max.err	error counts
31	7	0.0	2	0 0 7
32	114	0.0	2	0 80 34
33	22267	0.0	2	21240 710 317
34	43	0.0	2	0 31 12



131-S

This is cutadapt 5.0 with Python 3.12.9
Command line parameters: --cores=0 -e 0.1 -g ^NNNNNNGTCGGTAAAACTCGTGCCAGC -G ^NNNNNNCATAGTGGGGTATCTAATCCCAGTTTG --discard-untrimmed -o 01_Cutadapt_Lib2019/FASTQ_trim/131-S_S43_L001_R1_001_trim.fastq.gz -p 01_Cutadapt_Lib2019/FASTQ_trim/131-S_S43_L001_R2_001_trim.fastq.gz 00_FASTQ_Lib2019/131-S_S43_L001_R1_001.fastq.gz 00_FASTQ_Lib2019/131-S_S43_L001_R2_001.fastq.gz
Processing paired-end reads on 10 cores ...

=== Summary ===

Total read pairs processed:             15,536
  Read 1 with adapter:                  15,097 (97.2%)
  Read 2 with adapter:                  14,763 (95.0%)

== Read fate breakdown ==
Pairs discarded as untrimmed:              811 (5.2%)
Pairs written (passing filters):        14,725 (94.8%)

Total basepairs processed:     4,481,854 bp
  Read 1:     2,235,075 bp
  Read 2:     2,246,779 bp
Total written (filtered):      3,460,012 bp (77.2%)
  Read 1:     1,780,586 bp
  Read 2:     1,679,426 bp

=== First read: Adapter 1 ===

Sequence: NNNNNNGTCGGTAAAACTCGTGCCAGC; Type: anchored 5'; Length: 27; Trimmed: 15097 times

No. of allowed errors: 2

Overview of removed sequences
length	count	expect	max.err	error counts
25	1	0.0	2	0 0 1
26	64	0.0	2	0 57 7
27	15009	0.0	2	14586 398 25
28	23	0.0	2	0 22 1


=== Second read: Adapter 2 ===

Sequence: NNNNNNCATAGTGGGGTATCTAATCCCAGTTTG; Type: anchored 5'; Length: 33; Trimmed: 14763 times

No. of allowed errors: 2

Overview of removed sequences
length	count	expect	max.err	error counts
31	3	0.0	2	0 0 3
32	78	0.0	2	0 53 25
33	14666	0.0	2	14197 355 114
34	16	0.0	2	0 11 5



132-S

This is cutadapt 5.0 with Python 3.12.9
Command line parameters: --cores=0 -e 0.1 -g ^NNNNNNGTCGGTAAAACTCGTGCCAGC -G ^NNNNNNCATAGTGGGGTATCTAATCCCAGTTTG --discard-untrimmed -o 01_Cutadapt_Lib2019/FASTQ_trim/132-S_S44_L001_R1_001_trim.fastq.gz -p 01_Cutadapt_Lib2019/FASTQ_trim/132-S_S44_L001_R2_001_trim.fastq.gz 00_FASTQ_Lib2019/132-S_S44_L001_R1_001.fastq.gz 00_FASTQ_Lib2019/132-S_S44_L001_R2_001.fastq.gz
Processing paired-end reads on 10 cores ...

=== Summary ===

Total read pairs processed:             26,388
  Read 1 with adapter:                  25,596 (97.0%)
  Read 2 with adapter:                  25,052 (94.9%)

== Read fate breakdown ==
Pairs discarded as untrimmed:            1,409 (5.3%)
Pairs written (passing filters):        24,979 (94.7%)

Total basepairs processed:     7,660,731 bp
  Read 1:     3,807,114 bp
  Read 2:     3,853,617 bp
Total written (filtered):      5,896,484 bp (77.0%)
  Read 1:     3,033,751 bp
  Read 2:     2,862,733 bp

=== First read: Adapter 1 ===

Sequence: NNNNNNGTCGGTAAAACTCGTGCCAGC; Type: anchored 5'; Length: 27; Trimmed: 25596 times

No. of allowed errors: 2

Overview of removed sequences
length	count	expect	max.err	error counts
25	8	0.0	2	0 0 8
26	111	0.0	2	0 93 18
27	25430	0.0	2	24700 708 22
28	47	0.0	2	0 41 6


=== Second read: Adapter 2 ===

Sequence: NNNNNNCATAGTGGGGTATCTAATCCCAGTTTG; Type: anchored 5'; Length: 33; Trimmed: 25052 times

No. of allowed errors: 2

Overview of removed sequences
length	count	expect	max.err	error counts
31	4	0.0	2	0 0 4
32	299	0.0	2	0 191 108
33	24701	0.0	2	23720 739 242
34	48	0.0	2	0 36 12



133-N

This is cutadapt 5.0 with Python 3.12.9
Command line parameters: --cores=0 -e 0.1 -g ^NNNNNNGTCGGTAAAACTCGTGCCAGC -G ^NNNNNNCATAGTGGGGTATCTAATCCCAGTTTG --discard-untrimmed -o 01_Cutadapt_Lib2019/FASTQ_trim/133-N_S46_L001_R1_001_trim.fastq.gz -p 01_Cutadapt_Lib2019/FASTQ_trim/133-N_S46_L001_R2_001_trim.fastq.gz 00_FASTQ_Lib2019/133-N_S46_L001_R1_001.fastq.gz 00_FASTQ_Lib2019/133-N_S46_L001_R2_001.fastq.gz
Processing paired-end reads on 10 cores ...

=== Summary ===

Total read pairs processed:              3,418
  Read 1 with adapter:                   2,337 (68.4%)
  Read 2 with adapter:                   1,368 (40.0%)

== Read fate breakdown ==
Pairs discarded as untrimmed:            2,063 (60.4%)
Pairs written (passing filters):         1,355 (39.6%)

Total basepairs processed:       547,811 bp
  Read 1:       218,615 bp
  Read 2:       329,196 bp
Total written (filtered):        122,751 bp (22.4%)
  Read 1:        61,945 bp
  Read 2:        60,806 bp

=== First read: Adapter 1 ===

Sequence: NNNNNNGTCGGTAAAACTCGTGCCAGC; Type: anchored 5'; Length: 27; Trimmed: 2337 times

No. of allowed errors: 2

Overview of removed sequences
length	count	expect	max.err	error counts
26	16	0.0	2	0 13 3
27	2316	0.0	2	1686 591 39
28	5	0.0	2	0 2 3


=== Second read: Adapter 2 ===

Sequence: NNNNNNCATAGTGGGGTATCTAATCCCAGTTTG; Type: anchored 5'; Length: 33; Trimmed: 1368 times

No. of allowed errors: 2

Overview of removed sequences
length	count	expect	max.err	error counts
31	74	0.0	2	0 0 74
32	145	0.0	2	0 75 70
33	1003	0.0	2	319 504 180
34	145	0.0	2	0 82 63
35	1	0.0	2	0 0 1



133-S

This is cutadapt 5.0 with Python 3.12.9
Command line parameters: --cores=0 -e 0.1 -g ^NNNNNNGTCGGTAAAACTCGTGCCAGC -G ^NNNNNNCATAGTGGGGTATCTAATCCCAGTTTG --discard-untrimmed -o 01_Cutadapt_Lib2019/FASTQ_trim/133-S_S45_L001_R1_001_trim.fastq.gz -p 01_Cutadapt_Lib2019/FASTQ_trim/133-S_S45_L001_R2_001_trim.fastq.gz 00_FASTQ_Lib2019/133-S_S45_L001_R1_001.fastq.gz 00_FASTQ_Lib2019/133-S_S45_L001_R2_001.fastq.gz
Processing paired-end reads on 10 cores ...

=== Summary ===

Total read pairs processed:             24,116
  Read 1 with adapter:                  23,375 (96.9%)
  Read 2 with adapter:                  22,873 (94.8%)

== Read fate breakdown ==
Pairs discarded as untrimmed:            1,301 (5.4%)
Pairs written (passing filters):        22,815 (94.6%)

Total basepairs processed:     6,952,384 bp
  Read 1:     3,460,527 bp
  Read 2:     3,491,857 bp
Total written (filtered):      5,353,053 bp (77.0%)
  Read 1:     2,752,847 bp
  Read 2:     2,600,206 bp

=== First read: Adapter 1 ===

Sequence: NNNNNNGTCGGTAAAACTCGTGCCAGC; Type: anchored 5'; Length: 27; Trimmed: 23375 times

No. of allowed errors: 2

Overview of removed sequences
length	count	expect	max.err	error counts
25	4	0.0	2	0 0 4
26	101	0.0	2	0 83 18
27	23232	0.0	2	22496 712 24
28	38	0.0	2	0 33 5


=== Second read: Adapter 2 ===

Sequence: NNNNNNCATAGTGGGGTATCTAATCCCAGTTTG; Type: anchored 5'; Length: 33; Trimmed: 22873 times

No. of allowed errors: 2

Overview of removed sequences
length	count	expect	max.err	error counts
31	6	0.0	2	0 0 6
32	203	0.0	2	0 93 110
33	22618	0.0	2	21954 560 104
34	46	0.0	2	0 36 10



134-S

This is cutadapt 5.0 with Python 3.12.9
Command line parameters: --cores=0 -e 0.1 -g ^NNNNNNGTCGGTAAAACTCGTGCCAGC -G ^NNNNNNCATAGTGGGGTATCTAATCCCAGTTTG --discard-untrimmed -o 01_Cutadapt_Lib2019/FASTQ_trim/134-S_S47_L001_R1_001_trim.fastq.gz -p 01_Cutadapt_Lib2019/FASTQ_trim/134-S_S47_L001_R2_001_trim.fastq.gz 00_FASTQ_Lib2019/134-S_S47_L001_R1_001.fastq.gz 00_FASTQ_Lib2019/134-S_S47_L001_R2_001.fastq.gz
Processing paired-end reads on 10 cores ...

=== Summary ===

Total read pairs processed:              8,365
  Read 1 with adapter:                   8,000 (95.6%)
  Read 2 with adapter:                   7,812 (93.4%)

== Read fate breakdown ==
Pairs discarded as untrimmed:              618 (7.4%)
Pairs written (passing filters):         7,747 (92.6%)

Total basepairs processed:     2,395,865 bp
  Read 1:     1,182,608 bp
  Read 2:     1,213,257 bp
Total written (filtered):      1,821,988 bp (76.0%)
  Read 1:       931,962 bp
  Read 2:       890,026 bp

=== First read: Adapter 1 ===

Sequence: NNNNNNGTCGGTAAAACTCGTGCCAGC; Type: anchored 5'; Length: 27; Trimmed: 8000 times

No. of allowed errors: 2

Overview of removed sequences
length	count	expect	max.err	error counts
25	6	0.0	2	0 0 6
26	31	0.0	2	0 28 3
27	7947	0.0	2	7804 131 12
28	16	0.0	2	0 15 1


=== Second read: Adapter 2 ===

Sequence: NNNNNNCATAGTGGGGTATCTAATCCCAGTTTG; Type: anchored 5'; Length: 33; Trimmed: 7812 times

No. of allowed errors: 2

Overview of removed sequences
length	count	expect	max.err	error counts
31	3	0.0	2	0 0 3
32	52	0.0	2	0 37 15
33	7738	0.0	2	7491 190 57
34	19	0.0	2	0 12 7



135-S

This is cutadapt 5.0 with Python 3.12.9
Command line parameters: --cores=0 -e 0.1 -g ^NNNNNNGTCGGTAAAACTCGTGCCAGC -G ^NNNNNNCATAGTGGGGTATCTAATCCCAGTTTG --discard-untrimmed -o 01_Cutadapt_Lib2019/FASTQ_trim/135-S_S49_L001_R1_001_trim.fastq.gz -p 01_Cutadapt_Lib2019/FASTQ_trim/135-S_S49_L001_R2_001_trim.fastq.gz 00_FASTQ_Lib2019/135-S_S49_L001_R1_001.fastq.gz 00_FASTQ_Lib2019/135-S_S49_L001_R2_001.fastq.gz
Processing paired-end reads on 10 cores ...

=== Summary ===

Total read pairs processed:             11,679
  Read 1 with adapter:                  11,573 (99.1%)
  Read 2 with adapter:                  11,499 (98.5%)

== Read fate breakdown ==
Pairs discarded as untrimmed:              202 (1.7%)
Pairs written (passing filters):        11,477 (98.3%)

Total basepairs processed:     3,485,690 bp
  Read 1:     1,734,840 bp
  Read 2:     1,750,850 bp
Total written (filtered):      2,752,567 bp (79.0%)
  Read 1:     1,405,432 bp
  Read 2:     1,347,135 bp

=== First read: Adapter 1 ===

Sequence: NNNNNNGTCGGTAAAACTCGTGCCAGC; Type: anchored 5'; Length: 27; Trimmed: 11573 times

No. of allowed errors: 2

Overview of removed sequences
length	count	expect	max.err	error counts
25	1	0.0	2	0 0 1
26	49	0.0	2	0 43 6
27	11501	0.0	2	11339 152 10
28	22	0.0	2	0 20 2


=== Second read: Adapter 2 ===

Sequence: NNNNNNCATAGTGGGGTATCTAATCCCAGTTTG; Type: anchored 5'; Length: 33; Trimmed: 11499 times

No. of allowed errors: 2

Overview of removed sequences
length	count	expect	max.err	error counts
31	1	0.0	2	0 0 1
32	62	0.0	2	0 41 21
33	11413	0.0	2	11256 139 18
34	23	0.0	2	0 21 2



136-S

This is cutadapt 5.0 with Python 3.12.9
Command line parameters: --cores=0 -e 0.1 -g ^NNNNNNGTCGGTAAAACTCGTGCCAGC -G ^NNNNNNCATAGTGGGGTATCTAATCCCAGTTTG --discard-untrimmed -o 01_Cutadapt_Lib2019/FASTQ_trim/136-S_S50_L001_R1_001_trim.fastq.gz -p 01_Cutadapt_Lib2019/FASTQ_trim/136-S_S50_L001_R2_001_trim.fastq.gz 00_FASTQ_Lib2019/136-S_S50_L001_R1_001.fastq.gz 00_FASTQ_Lib2019/136-S_S50_L001_R2_001.fastq.gz
Processing paired-end reads on 10 cores ...

=== Summary ===

Total read pairs processed:             25,386
  Read 1 with adapter:                  25,302 (99.7%)
  Read 2 with adapter:                  25,207 (99.3%)

== Read fate breakdown ==
Pairs discarded as untrimmed:              211 (0.8%)
Pairs written (passing filters):        25,175 (99.2%)

Total basepairs processed:     7,612,975 bp
  Read 1:     3,800,972 bp
  Read 2:     3,812,003 bp
Total written (filtered):      6,047,006 bp (79.4%)
  Read 1:     3,094,451 bp
  Read 2:     2,952,555 bp

=== First read: Adapter 1 ===

Sequence: NNNNNNGTCGGTAAAACTCGTGCCAGC; Type: anchored 5'; Length: 27; Trimmed: 25302 times

No. of allowed errors: 2

Overview of removed sequences
length	count	expect	max.err	error counts
25	4	0.0	2	0 0 4
26	120	0.0	2	0 94 26
27	25139	0.0	2	24822 308 9
28	39	0.0	2	0 31 8


=== Second read: Adapter 2 ===

Sequence: NNNNNNCATAGTGGGGTATCTAATCCCAGTTTG; Type: anchored 5'; Length: 33; Trimmed: 25207 times

No. of allowed errors: 2

Overview of removed sequences
length	count	expect	max.err	error counts
31	6	0.0	2	0 0 6
32	122	0.0	2	0 83 39
33	25032	0.0	2	24732 248 52
34	47	0.0	2	0 35 12



137-S

This is cutadapt 5.0 with Python 3.12.9
Command line parameters: --cores=0 -e 0.1 -g ^NNNNNNGTCGGTAAAACTCGTGCCAGC -G ^NNNNNNCATAGTGGGGTATCTAATCCCAGTTTG --discard-untrimmed -o 01_Cutadapt_Lib2019/FASTQ_trim/137-S_S51_L001_R1_001_trim.fastq.gz -p 01_Cutadapt_Lib2019/FASTQ_trim/137-S_S51_L001_R2_001_trim.fastq.gz 00_FASTQ_Lib2019/137-S_S51_L001_R1_001.fastq.gz 00_FASTQ_Lib2019/137-S_S51_L001_R2_001.fastq.gz
Processing paired-end reads on 10 cores ...

=== Summary ===

Total read pairs processed:             19,008
  Read 1 with adapter:                  18,761 (98.7%)
  Read 2 with adapter:                  18,626 (98.0%)

== Read fate breakdown ==
Pairs discarded as untrimmed:              424 (2.2%)
Pairs written (passing filters):        18,584 (97.8%)

Total basepairs processed:     5,641,173 bp
  Read 1:     2,818,716 bp
  Read 2:     2,822,457 bp
Total written (filtered):      4,442,330 bp (78.7%)
  Read 1:     2,279,797 bp
  Read 2:     2,162,533 bp

=== First read: Adapter 1 ===

Sequence: NNNNNNGTCGGTAAAACTCGTGCCAGC; Type: anchored 5'; Length: 27; Trimmed: 18761 times

No. of allowed errors: 2

Overview of removed sequences
length	count	expect	max.err	error counts
25	5	0.0	2	0 0 5
26	108	0.0	2	0 94 14
27	18612	0.0	2	18218 309 85
28	36	0.0	2	0 31 5


=== Second read: Adapter 2 ===

Sequence: NNNNNNCATAGTGGGGTATCTAATCCCAGTTTG; Type: anchored 5'; Length: 33; Trimmed: 18626 times

No. of allowed errors: 2

Overview of removed sequences
length	count	expect	max.err	error counts
31	8	0.0	2	0 0 8
32	97	0.0	2	0 72 25
33	18486	0.0	2	18284 185 17
34	35	0.0	2	0 30 5



138-S

This is cutadapt 5.0 with Python 3.12.9
Command line parameters: --cores=0 -e 0.1 -g ^NNNNNNGTCGGTAAAACTCGTGCCAGC -G ^NNNNNNCATAGTGGGGTATCTAATCCCAGTTTG --discard-untrimmed -o 01_Cutadapt_Lib2019/FASTQ_trim/138-S_S52_L001_R1_001_trim.fastq.gz -p 01_Cutadapt_Lib2019/FASTQ_trim/138-S_S52_L001_R2_001_trim.fastq.gz 00_FASTQ_Lib2019/138-S_S52_L001_R1_001.fastq.gz 00_FASTQ_Lib2019/138-S_S52_L001_R2_001.fastq.gz
Processing paired-end reads on 10 cores ...

=== Summary ===

Total read pairs processed:             16,131
  Read 1 with adapter:                  15,985 (99.1%)
  Read 2 with adapter:                  15,883 (98.5%)

== Read fate breakdown ==
Pairs discarded as untrimmed:              279 (1.7%)
Pairs written (passing filters):        15,852 (98.3%)

Total basepairs processed:     4,826,510 bp
  Read 1:     2,412,060 bp
  Read 2:     2,414,450 bp
Total written (filtered):      3,813,932 bp (79.0%)
  Read 1:     1,956,461 bp
  Read 2:     1,857,471 bp

=== First read: Adapter 1 ===

Sequence: NNNNNNGTCGGTAAAACTCGTGCCAGC; Type: anchored 5'; Length: 27; Trimmed: 15985 times

No. of allowed errors: 2

Overview of removed sequences
length	count	expect	max.err	error counts
25	4	0.0	2	0 0 4
26	79	0.0	2	0 71 8
27	15881	0.0	2	15603 264 14
28	21	0.0	2	0 19 2


=== Second read: Adapter 2 ===

Sequence: NNNNNNCATAGTGGGGTATCTAATCCCAGTTTG; Type: anchored 5'; Length: 33; Trimmed: 15883 times

No. of allowed errors: 2

Overview of removed sequences
length	count	expect	max.err	error counts
31	3	0.0	2	0 0 3
32	88	0.0	2	0 69 19
33	15765	0.0	2	15496 221 48
34	27	0.0	2	0 24 3



139-S

This is cutadapt 5.0 with Python 3.12.9
Command line parameters: --cores=0 -e 0.1 -g ^NNNNNNGTCGGTAAAACTCGTGCCAGC -G ^NNNNNNCATAGTGGGGTATCTAATCCCAGTTTG --discard-untrimmed -o 01_Cutadapt_Lib2019/FASTQ_trim/139-S_S53_L001_R1_001_trim.fastq.gz -p 01_Cutadapt_Lib2019/FASTQ_trim/139-S_S53_L001_R2_001_trim.fastq.gz 00_FASTQ_Lib2019/139-S_S53_L001_R1_001.fastq.gz 00_FASTQ_Lib2019/139-S_S53_L001_R2_001.fastq.gz
Processing paired-end reads on 10 cores ...

=== Summary ===

Total read pairs processed:             19,541
  Read 1 with adapter:                  19,277 (98.6%)
  Read 2 with adapter:                  18,788 (96.1%)

== Read fate breakdown ==
Pairs discarded as untrimmed:              775 (4.0%)
Pairs written (passing filters):        18,766 (96.0%)

Total basepairs processed:     5,803,333 bp
  Read 1:     2,883,803 bp
  Read 2:     2,919,530 bp
Total written (filtered):      4,524,835 bp (78.0%)
  Read 1:     2,313,981 bp
  Read 2:     2,210,854 bp

=== First read: Adapter 1 ===

Sequence: NNNNNNGTCGGTAAAACTCGTGCCAGC; Type: anchored 5'; Length: 27; Trimmed: 19277 times

No. of allowed errors: 2

Overview of removed sequences
length	count	expect	max.err	error counts
25	3	0.0	2	0 0 3
26	100	0.0	2	0 86 14
27	19139	0.0	2	18784 340 15
28	35	0.0	2	0 32 3


=== Second read: Adapter 2 ===

Sequence: NNNNNNCATAGTGGGGTATCTAATCCCAGTTTG; Type: anchored 5'; Length: 33; Trimmed: 18788 times

No. of allowed errors: 2

Overview of removed sequences
length	count	expect	max.err	error counts
31	1	0.0	2	0 0 1
32	92	0.0	2	0 59 33
33	18649	0.0	2	18435 184 30
34	46	0.0	2	0 34 12



140-S

This is cutadapt 5.0 with Python 3.12.9
Command line parameters: --cores=0 -e 0.1 -g ^NNNNNNGTCGGTAAAACTCGTGCCAGC -G ^NNNNNNCATAGTGGGGTATCTAATCCCAGTTTG --discard-untrimmed -o 01_Cutadapt_Lib2019/FASTQ_trim/140-S_S54_L001_R1_001_trim.fastq.gz -p 01_Cutadapt_Lib2019/FASTQ_trim/140-S_S54_L001_R2_001_trim.fastq.gz 00_FASTQ_Lib2019/140-S_S54_L001_R1_001.fastq.gz 00_FASTQ_Lib2019/140-S_S54_L001_R2_001.fastq.gz
Processing paired-end reads on 10 cores ...

=== Summary ===

Total read pairs processed:             24,180
  Read 1 with adapter:                  24,066 (99.5%)
  Read 2 with adapter:                  24,008 (99.3%)

== Read fate breakdown ==
Pairs discarded as untrimmed:              237 (1.0%)
Pairs written (passing filters):        23,943 (99.0%)

Total basepairs processed:     7,247,029 bp
  Read 1:     3,616,065 bp
  Read 2:     3,630,964 bp
Total written (filtered):      5,747,453 bp (79.3%)
  Read 1:     2,938,799 bp
  Read 2:     2,808,654 bp

=== First read: Adapter 1 ===

Sequence: NNNNNNGTCGGTAAAACTCGTGCCAGC; Type: anchored 5'; Length: 27; Trimmed: 24066 times

No. of allowed errors: 2

Overview of removed sequences
length	count	expect	max.err	error counts
25	6	0.0	2	0 0 6
26	109	0.0	2	0 96 13
27	23909	0.0	2	23543 345 21
28	42	0.0	2	0 37 5


=== Second read: Adapter 2 ===

Sequence: NNNNNNCATAGTGGGGTATCTAATCCCAGTTTG; Type: anchored 5'; Length: 33; Trimmed: 24008 times

No. of allowed errors: 2

Overview of removed sequences
length	count	expect	max.err	error counts
31	10	0.0	2	0 0 10
32	128	0.0	2	0 89 39
33	23827	0.0	2	23433 379 15
34	43	0.0	2	0 31 12



141-S

This is cutadapt 5.0 with Python 3.12.9
Command line parameters: --cores=0 -e 0.1 -g ^NNNNNNGTCGGTAAAACTCGTGCCAGC -G ^NNNNNNCATAGTGGGGTATCTAATCCCAGTTTG --discard-untrimmed -o 01_Cutadapt_Lib2019/FASTQ_trim/141-S_S55_L001_R1_001_trim.fastq.gz -p 01_Cutadapt_Lib2019/FASTQ_trim/141-S_S55_L001_R2_001_trim.fastq.gz 00_FASTQ_Lib2019/141-S_S55_L001_R1_001.fastq.gz 00_FASTQ_Lib2019/141-S_S55_L001_R2_001.fastq.gz
Processing paired-end reads on 10 cores ...

=== Summary ===

Total read pairs processed:             12,723
  Read 1 with adapter:                  12,504 (98.3%)
  Read 2 with adapter:                  12,397 (97.4%)

== Read fate breakdown ==
Pairs discarded as untrimmed:              361 (2.8%)
Pairs written (passing filters):        12,362 (97.2%)

Total basepairs processed:     3,789,212 bp
  Read 1:     1,885,324 bp
  Read 2:     1,903,888 bp
Total written (filtered):      2,975,102 bp (78.5%)
  Read 1:     1,523,702 bp
  Read 2:     1,451,400 bp

=== First read: Adapter 1 ===

Sequence: NNNNNNGTCGGTAAAACTCGTGCCAGC; Type: anchored 5'; Length: 27; Trimmed: 12504 times

No. of allowed errors: 2

Overview of removed sequences
length	count	expect	max.err	error counts
25	3	0.0	2	0 0 3
26	53	0.0	2	0 49 4
27	12424	0.0	2	12233 145 46
28	24	0.0	2	0 21 3


=== Second read: Adapter 2 ===

Sequence: NNNNNNCATAGTGGGGTATCTAATCCCAGTTTG; Type: anchored 5'; Length: 33; Trimmed: 12397 times

No. of allowed errors: 2

Overview of removed sequences
length	count	expect	max.err	error counts
31	8	0.0	2	0 0 8
32	78	0.0	2	0 57 21
33	12291	0.0	2	12135 146 10
34	20	0.0	2	0 13 7



142-N

This is cutadapt 5.0 with Python 3.12.9
Command line parameters: --cores=0 -e 0.1 -g ^NNNNNNGTCGGTAAAACTCGTGCCAGC -G ^NNNNNNCATAGTGGGGTATCTAATCCCAGTTTG --discard-untrimmed -o 01_Cutadapt_Lib2019/FASTQ_trim/142-N_S57_L001_R1_001_trim.fastq.gz -p 01_Cutadapt_Lib2019/FASTQ_trim/142-N_S57_L001_R2_001_trim.fastq.gz 00_FASTQ_Lib2019/142-N_S57_L001_R1_001.fastq.gz 00_FASTQ_Lib2019/142-N_S57_L001_R2_001.fastq.gz
Processing paired-end reads on 10 cores ...

=== Summary ===

Total read pairs processed:              3,763
  Read 1 with adapter:                   2,366 (62.9%)
  Read 2 with adapter:                   1,746 (46.4%)

== Read fate breakdown ==
Pairs discarded as untrimmed:            2,024 (53.8%)
Pairs written (passing filters):         1,739 (46.2%)

Total basepairs processed:       529,575 bp
  Read 1:       230,524 bp
  Read 2:       299,051 bp
Total written (filtered):        143,346 bp (27.1%)
  Read 1:        78,536 bp
  Read 2:        64,810 bp

=== First read: Adapter 1 ===

Sequence: NNNNNNGTCGGTAAAACTCGTGCCAGC; Type: anchored 5'; Length: 27; Trimmed: 2366 times

No. of allowed errors: 2

Overview of removed sequences
length	count	expect	max.err	error counts
25	1	0.0	2	0 0 1
26	9	0.0	2	0 8 1
27	2353	0.0	2	2274 74 5
28	3	0.0	2	0 3


=== Second read: Adapter 2 ===

Sequence: NNNNNNCATAGTGGGGTATCTAATCCCAGTTTG; Type: anchored 5'; Length: 33; Trimmed: 1746 times

No. of allowed errors: 2

Overview of removed sequences
length	count	expect	max.err	error counts
32	36	0.0	2	0 3 33
33	1364	0.0	2	417 76 871
34	346	0.0	2	0 4 342



142-S

This is cutadapt 5.0 with Python 3.12.9
Command line parameters: --cores=0 -e 0.1 -g ^NNNNNNGTCGGTAAAACTCGTGCCAGC -G ^NNNNNNCATAGTGGGGTATCTAATCCCAGTTTG --discard-untrimmed -o 01_Cutadapt_Lib2019/FASTQ_trim/142-S_S56_L001_R1_001_trim.fastq.gz -p 01_Cutadapt_Lib2019/FASTQ_trim/142-S_S56_L001_R2_001_trim.fastq.gz 00_FASTQ_Lib2019/142-S_S56_L001_R1_001.fastq.gz 00_FASTQ_Lib2019/142-S_S56_L001_R2_001.fastq.gz
Processing paired-end reads on 10 cores ...

=== Summary ===

Total read pairs processed:             26,025
  Read 1 with adapter:                  25,576 (98.3%)
  Read 2 with adapter:                  25,392 (97.6%)

== Read fate breakdown ==
Pairs discarded as untrimmed:              748 (2.9%)
Pairs written (passing filters):        25,277 (97.1%)

Total basepairs processed:     7,762,679 bp
  Read 1:     3,862,853 bp
  Read 2:     3,899,826 bp
Total written (filtered):      6,091,876 bp (78.5%)
  Read 1:     3,115,620 bp
  Read 2:     2,976,256 bp

=== First read: Adapter 1 ===

Sequence: NNNNNNGTCGGTAAAACTCGTGCCAGC; Type: anchored 5'; Length: 27; Trimmed: 25576 times

No. of allowed errors: 2

Overview of removed sequences
length	count	expect	max.err	error counts
25	4	0.0	2	0 0 4
26	132	0.0	2	0 114 18
27	25390	0.0	2	25004 361 25
28	50	0.0	2	0 44 6


=== Second read: Adapter 2 ===

Sequence: NNNNNNCATAGTGGGGTATCTAATCCCAGTTTG; Type: anchored 5'; Length: 33; Trimmed: 25392 times

No. of allowed errors: 2

Overview of removed sequences
length	count	expect	max.err	error counts
31	5	0.0	2	0 0 5
32	143	0.0	2	0 107 36
33	25188	0.0	2	24918 249 21
34	56	0.0	2	0 47 9



143-S

This is cutadapt 5.0 with Python 3.12.9
Command line parameters: --cores=0 -e 0.1 -g ^NNNNNNGTCGGTAAAACTCGTGCCAGC -G ^NNNNNNCATAGTGGGGTATCTAATCCCAGTTTG --discard-untrimmed -o 01_Cutadapt_Lib2019/FASTQ_trim/143-S_S58_L001_R1_001_trim.fastq.gz -p 01_Cutadapt_Lib2019/FASTQ_trim/143-S_S58_L001_R2_001_trim.fastq.gz 00_FASTQ_Lib2019/143-S_S58_L001_R1_001.fastq.gz 00_FASTQ_Lib2019/143-S_S58_L001_R2_001.fastq.gz
Processing paired-end reads on 10 cores ...

=== Summary ===

Total read pairs processed:             28,408
  Read 1 with adapter:                  28,118 (99.0%)
  Read 2 with adapter:                  27,968 (98.5%)

== Read fate breakdown ==
Pairs discarded as untrimmed:              520 (1.8%)
Pairs written (passing filters):        27,888 (98.2%)

Total basepairs processed:     8,490,385 bp
  Read 1:     4,228,931 bp
  Read 2:     4,261,454 bp
Total written (filtered):      6,698,233 bp (78.9%)
  Read 1:     3,425,299 bp
  Read 2:     3,272,934 bp

=== First read: Adapter 1 ===

Sequence: NNNNNNGTCGGTAAAACTCGTGCCAGC; Type: anchored 5'; Length: 27; Trimmed: 28118 times

No. of allowed errors: 2

Overview of removed sequences
length	count	expect	max.err	error counts
25	6	0.0	2	0 0 6
26	150	0.0	2	0 133 17
27	27914	0.0	2	27439 445 30
28	48	0.0	2	0 45 3


=== Second read: Adapter 2 ===

Sequence: NNNNNNCATAGTGGGGTATCTAATCCCAGTTTG; Type: anchored 5'; Length: 33; Trimmed: 27968 times

No. of allowed errors: 2

Overview of removed sequences
length	count	expect	max.err	error counts
31	9	0.0	2	0 0 9
32	220	0.0	2	0 105 115
33	27679	0.0	2	27245 402 32
34	60	0.0	2	0 50 10



144-S

This is cutadapt 5.0 with Python 3.12.9
Command line parameters: --cores=0 -e 0.1 -g ^NNNNNNGTCGGTAAAACTCGTGCCAGC -G ^NNNNNNCATAGTGGGGTATCTAATCCCAGTTTG --discard-untrimmed -o 01_Cutadapt_Lib2019/FASTQ_trim/144-S_S59_L001_R1_001_trim.fastq.gz -p 01_Cutadapt_Lib2019/FASTQ_trim/144-S_S59_L001_R2_001_trim.fastq.gz 00_FASTQ_Lib2019/144-S_S59_L001_R1_001.fastq.gz 00_FASTQ_Lib2019/144-S_S59_L001_R2_001.fastq.gz
Processing paired-end reads on 10 cores ...

=== Summary ===

Total read pairs processed:             21,829
  Read 1 with adapter:                  21,545 (98.7%)
  Read 2 with adapter:                  21,472 (98.4%)

== Read fate breakdown ==
Pairs discarded as untrimmed:              427 (2.0%)
Pairs written (passing filters):        21,402 (98.0%)

Total basepairs processed:     6,510,585 bp
  Read 1:     3,237,561 bp
  Read 2:     3,273,024 bp
Total written (filtered):      5,130,253 bp (78.8%)
  Read 1:     2,619,633 bp
  Read 2:     2,510,620 bp

=== First read: Adapter 1 ===

Sequence: NNNNNNGTCGGTAAAACTCGTGCCAGC; Type: anchored 5'; Length: 27; Trimmed: 21545 times

No. of allowed errors: 2

Overview of removed sequences
length	count	expect	max.err	error counts
25	5	0.0	2	0 0 5
26	95	0.0	2	0 86 9
27	21413	0.0	2	21132 250 31
28	32	0.0	2	0 29 3


=== Second read: Adapter 2 ===

Sequence: NNNNNNCATAGTGGGGTATCTAATCCCAGTTTG; Type: anchored 5'; Length: 33; Trimmed: 21472 times

No. of allowed errors: 2

Overview of removed sequences
length	count	expect	max.err	error counts
31	8	0.0	2	0 0 8
32	127	0.0	2	0 88 39
33	21299	0.0	2	21000 216 83
34	38	0.0	2	0 28 10



145-S

This is cutadapt 5.0 with Python 3.12.9
Command line parameters: --cores=0 -e 0.1 -g ^NNNNNNGTCGGTAAAACTCGTGCCAGC -G ^NNNNNNCATAGTGGGGTATCTAATCCCAGTTTG --discard-untrimmed -o 01_Cutadapt_Lib2019/FASTQ_trim/145-S_S60_L001_R1_001_trim.fastq.gz -p 01_Cutadapt_Lib2019/FASTQ_trim/145-S_S60_L001_R2_001_trim.fastq.gz 00_FASTQ_Lib2019/145-S_S60_L001_R1_001.fastq.gz 00_FASTQ_Lib2019/145-S_S60_L001_R2_001.fastq.gz
Processing paired-end reads on 10 cores ...

=== Summary ===

Total read pairs processed:             26,043
  Read 1 with adapter:                  25,724 (98.8%)
  Read 2 with adapter:                  25,488 (97.9%)

== Read fate breakdown ==
Pairs discarded as untrimmed:              609 (2.3%)
Pairs written (passing filters):        25,434 (97.7%)

Total basepairs processed:     7,737,062 bp
  Read 1:     3,849,421 bp
  Read 2:     3,887,641 bp
Total written (filtered):      6,087,157 bp (78.7%)
  Read 1:     3,110,223 bp
  Read 2:     2,976,934 bp

=== First read: Adapter 1 ===

Sequence: NNNNNNGTCGGTAAAACTCGTGCCAGC; Type: anchored 5'; Length: 27; Trimmed: 25724 times

No. of allowed errors: 2

Overview of removed sequences
length	count	expect	max.err	error counts
25	4	0.0	2	0 0 4
26	141	0.0	2	0 129 12
27	25539	0.0	2	25122 399 18
28	39	0.0	2	0 34 5
29	1	0.0	2	0 0 1


=== Second read: Adapter 2 ===

Sequence: NNNNNNCATAGTGGGGTATCTAATCCCAGTTTG; Type: anchored 5'; Length: 33; Trimmed: 25488 times

No. of allowed errors: 2

Overview of removed sequences
length	count	expect	max.err	error counts
31	12	0.0	2	0 0 12
32	132	0.0	2	0 83 49
33	25283	0.0	2	24846 410 27
34	61	0.0	2	0 47 14



146-S

This is cutadapt 5.0 with Python 3.12.9
Command line parameters: --cores=0 -e 0.1 -g ^NNNNNNGTCGGTAAAACTCGTGCCAGC -G ^NNNNNNCATAGTGGGGTATCTAATCCCAGTTTG --discard-untrimmed -o 01_Cutadapt_Lib2019/FASTQ_trim/146-S_S61_L001_R1_001_trim.fastq.gz -p 01_Cutadapt_Lib2019/FASTQ_trim/146-S_S61_L001_R2_001_trim.fastq.gz 00_FASTQ_Lib2019/146-S_S61_L001_R1_001.fastq.gz 00_FASTQ_Lib2019/146-S_S61_L001_R2_001.fastq.gz
Processing paired-end reads on 10 cores ...

=== Summary ===

Total read pairs processed:             29,579
  Read 1 with adapter:                  29,467 (99.6%)
  Read 2 with adapter:                  29,423 (99.5%)

== Read fate breakdown ==
Pairs discarded as untrimmed:              242 (0.8%)
Pairs written (passing filters):        29,337 (99.2%)

Total basepairs processed:     8,917,860 bp
  Read 1:     4,456,295 bp
  Read 2:     4,461,565 bp
Total written (filtered):      7,087,209 bp (79.5%)
  Read 1:     3,629,270 bp
  Read 2:     3,457,939 bp

=== First read: Adapter 1 ===

Sequence: NNNNNNGTCGGTAAAACTCGTGCCAGC; Type: anchored 5'; Length: 27; Trimmed: 29467 times

No. of allowed errors: 2

Overview of removed sequences
length	count	expect	max.err	error counts
25	8	0.0	2	0 0 8
26	146	0.0	2	0 123 23
27	29277	0.0	2	28783 473 21
28	36	0.0	2	0 31 5


=== Second read: Adapter 2 ===

Sequence: NNNNNNCATAGTGGGGTATCTAATCCCAGTTTG; Type: anchored 5'; Length: 33; Trimmed: 29423 times

No. of allowed errors: 2

Overview of removed sequences
length	count	expect	max.err	error counts
31	9	0.0	2	0 0 9
32	142	0.0	2	0 100 42
33	29225	0.0	2	28884 316 25
34	47	0.0	2	0 33 14



147-S

This is cutadapt 5.0 with Python 3.12.9
Command line parameters: --cores=0 -e 0.1 -g ^NNNNNNGTCGGTAAAACTCGTGCCAGC -G ^NNNNNNCATAGTGGGGTATCTAATCCCAGTTTG --discard-untrimmed -o 01_Cutadapt_Lib2019/FASTQ_trim/147-S_S62_L001_R1_001_trim.fastq.gz -p 01_Cutadapt_Lib2019/FASTQ_trim/147-S_S62_L001_R2_001_trim.fastq.gz 00_FASTQ_Lib2019/147-S_S62_L001_R1_001.fastq.gz 00_FASTQ_Lib2019/147-S_S62_L001_R2_001.fastq.gz
Processing paired-end reads on 10 cores ...

=== Summary ===

Total read pairs processed:             51,365
  Read 1 with adapter:                  51,178 (99.6%)
  Read 2 with adapter:                  51,062 (99.4%)

== Read fate breakdown ==
Pairs discarded as untrimmed:              442 (0.9%)
Pairs written (passing filters):        50,923 (99.1%)

Total basepairs processed:    15,504,804 bp
  Read 1:     7,751,828 bp
  Read 2:     7,752,976 bp
Total written (filtered):     12,318,130 bp (79.4%)
  Read 1:     6,311,304 bp
  Read 2:     6,006,826 bp

=== First read: Adapter 1 ===

Sequence: NNNNNNGTCGGTAAAACTCGTGCCAGC; Type: anchored 5'; Length: 27; Trimmed: 51178 times

No. of allowed errors: 2

Overview of removed sequences
length	count	expect	max.err	error counts
25	14	0.0	2	0 0 14
26	240	0.0	2	0 211 29
27	50836	0.0	2	50086 709 41
28	88	0.0	2	0 73 15


=== Second read: Adapter 2 ===

Sequence: NNNNNNCATAGTGGGGTATCTAATCCCAGTTTG; Type: anchored 5'; Length: 33; Trimmed: 51062 times

No. of allowed errors: 2

Overview of removed sequences
length	count	expect	max.err	error counts
31	13	0.0	2	0 0 13
32	292	0.0	2	0 225 67
33	50646	0.0	2	50113 489 44
34	110	0.0	2	0 84 26
35	1	0.0	2	0 0 1



148-S

This is cutadapt 5.0 with Python 3.12.9
Command line parameters: --cores=0 -e 0.1 -g ^NNNNNNGTCGGTAAAACTCGTGCCAGC -G ^NNNNNNCATAGTGGGGTATCTAATCCCAGTTTG --discard-untrimmed -o 01_Cutadapt_Lib2019/FASTQ_trim/148-S_S63_L001_R1_001_trim.fastq.gz -p 01_Cutadapt_Lib2019/FASTQ_trim/148-S_S63_L001_R2_001_trim.fastq.gz 00_FASTQ_Lib2019/148-S_S63_L001_R1_001.fastq.gz 00_FASTQ_Lib2019/148-S_S63_L001_R2_001.fastq.gz
Processing paired-end reads on 10 cores ...

=== Summary ===

Total read pairs processed:             60,661
  Read 1 with adapter:                  60,389 (99.6%)
  Read 2 with adapter:                  60,161 (99.2%)

== Read fate breakdown ==
Pairs discarded as untrimmed:              672 (1.1%)
Pairs written (passing filters):        59,989 (98.9%)

Total basepairs processed:    18,274,789 bp
  Read 1:     9,136,792 bp
  Read 2:     9,137,997 bp
Total written (filtered):     14,495,610 bp (79.3%)
  Read 1:     7,428,023 bp
  Read 2:     7,067,587 bp

=== First read: Adapter 1 ===

Sequence: NNNNNNGTCGGTAAAACTCGTGCCAGC; Type: anchored 5'; Length: 27; Trimmed: 60389 times

No. of allowed errors: 2

Overview of removed sequences
length	count	expect	max.err	error counts
25	8	0.0	2	0 0 8
26	252	0.0	2	0 215 37
27	60037	0.0	2	59186 805 46
28	91	0.0	2	0 78 13
29	1	0.0	2	0 0 1


=== Second read: Adapter 2 ===

Sequence: NNNNNNCATAGTGGGGTATCTAATCCCAGTTTG; Type: anchored 5'; Length: 33; Trimmed: 60161 times

No. of allowed errors: 2

Overview of removed sequences
length	count	expect	max.err	error counts
31	19	0.0	2	0 0 19
32	345	0.0	2	0 260 85
33	59677	0.0	2	59050 555 72
34	120	0.0	2	0 95 25



149-S

This is cutadapt 5.0 with Python 3.12.9
Command line parameters: --cores=0 -e 0.1 -g ^NNNNNNGTCGGTAAAACTCGTGCCAGC -G ^NNNNNNCATAGTGGGGTATCTAATCCCAGTTTG --discard-untrimmed -o 01_Cutadapt_Lib2019/FASTQ_trim/149-S_S64_L001_R1_001_trim.fastq.gz -p 01_Cutadapt_Lib2019/FASTQ_trim/149-S_S64_L001_R2_001_trim.fastq.gz 00_FASTQ_Lib2019/149-S_S64_L001_R1_001.fastq.gz 00_FASTQ_Lib2019/149-S_S64_L001_R2_001.fastq.gz
Processing paired-end reads on 10 cores ...

=== Summary ===

Total read pairs processed:             52,267
  Read 1 with adapter:                  52,025 (99.5%)
  Read 2 with adapter:                  51,955 (99.4%)

== Read fate breakdown ==
Pairs discarded as untrimmed:              500 (1.0%)
Pairs written (passing filters):        51,767 (99.0%)

Total basepairs processed:    15,773,046 bp
  Read 1:     7,886,431 bp
  Read 2:     7,886,615 bp
Total written (filtered):     12,521,130 bp (79.4%)
  Read 1:     6,415,864 bp
  Read 2:     6,105,266 bp

=== First read: Adapter 1 ===

Sequence: NNNNNNGTCGGTAAAACTCGTGCCAGC; Type: anchored 5'; Length: 27; Trimmed: 52025 times

No. of allowed errors: 2

Overview of removed sequences
length	count	expect	max.err	error counts
25	5	0.0	2	0 0 5
26	250	0.0	2	0 211 39
27	51692	0.0	2	50975 683 34
28	78	0.0	2	0 67 11


=== Second read: Adapter 2 ===

Sequence: NNNNNNCATAGTGGGGTATCTAATCCCAGTTTG; Type: anchored 5'; Length: 33; Trimmed: 51955 times

No. of allowed errors: 2

Overview of removed sequences
length	count	expect	max.err	error counts
31	18	0.0	2	0 0 18
32	286	0.0	2	0 214 72
33	51543	0.0	2	50967 536 40
34	107	0.0	2	0 85 22
35	1	0.0	2	0 0 1



150-S

This is cutadapt 5.0 with Python 3.12.9
Command line parameters: --cores=0 -e 0.1 -g ^NNNNNNGTCGGTAAAACTCGTGCCAGC -G ^NNNNNNCATAGTGGGGTATCTAATCCCAGTTTG --discard-untrimmed -o 01_Cutadapt_Lib2019/FASTQ_trim/150-S_S65_L001_R1_001_trim.fastq.gz -p 01_Cutadapt_Lib2019/FASTQ_trim/150-S_S65_L001_R2_001_trim.fastq.gz 00_FASTQ_Lib2019/150-S_S65_L001_R1_001.fastq.gz 00_FASTQ_Lib2019/150-S_S65_L001_R2_001.fastq.gz
Processing paired-end reads on 10 cores ...

=== Summary ===

Total read pairs processed:             25,351
  Read 1 with adapter:                  25,168 (99.3%)
  Read 2 with adapter:                  25,008 (98.6%)

== Read fate breakdown ==
Pairs discarded as untrimmed:              403 (1.6%)
Pairs written (passing filters):        24,948 (98.4%)

Total basepairs processed:     7,594,699 bp
  Read 1:     3,789,963 bp
  Read 2:     3,804,736 bp
Total written (filtered):      6,005,383 bp (79.1%)
  Read 1:     3,074,431 bp
  Read 2:     2,930,952 bp

=== First read: Adapter 1 ===

Sequence: NNNNNNGTCGGTAAAACTCGTGCCAGC; Type: anchored 5'; Length: 27; Trimmed: 25168 times

No. of allowed errors: 2

Overview of removed sequences
length	count	expect	max.err	error counts
25	3	0.0	2	0 0 3
26	123	0.0	2	0 109 14
27	25003	0.0	2	24641 352 10
28	39	0.0	2	0 35 4


=== Second read: Adapter 2 ===

Sequence: NNNNNNCATAGTGGGGTATCTAATCCCAGTTTG; Type: anchored 5'; Length: 33; Trimmed: 25008 times

No. of allowed errors: 2

Overview of removed sequences
length	count	expect	max.err	error counts
31	5	0.0	2	0 0 5
32	136	0.0	2	0 100 36
33	24828	0.0	2	24434 319 75
34	39	0.0	2	0 33 6



151-S

This is cutadapt 5.0 with Python 3.12.9
Command line parameters: --cores=0 -e 0.1 -g ^NNNNNNGTCGGTAAAACTCGTGCCAGC -G ^NNNNNNCATAGTGGGGTATCTAATCCCAGTTTG --discard-untrimmed -o 01_Cutadapt_Lib2019/FASTQ_trim/151-S_S66_L001_R1_001_trim.fastq.gz -p 01_Cutadapt_Lib2019/FASTQ_trim/151-S_S66_L001_R2_001_trim.fastq.gz 00_FASTQ_Lib2019/151-S_S66_L001_R1_001.fastq.gz 00_FASTQ_Lib2019/151-S_S66_L001_R2_001.fastq.gz
Processing paired-end reads on 10 cores ...

=== Summary ===

Total read pairs processed:             40,047
  Read 1 with adapter:                  39,427 (98.5%)
  Read 2 with adapter:                  39,150 (97.8%)

== Read fate breakdown ==
Pairs discarded as untrimmed:            1,039 (2.6%)
Pairs written (passing filters):        39,008 (97.4%)

Total basepairs processed:    11,967,389 bp
  Read 1:     5,961,687 bp
  Read 2:     6,005,702 bp
Total written (filtered):      9,410,080 bp (78.6%)
  Read 1:     4,817,909 bp
  Read 2:     4,592,171 bp

=== First read: Adapter 1 ===

Sequence: NNNNNNGTCGGTAAAACTCGTGCCAGC; Type: anchored 5'; Length: 27; Trimmed: 39427 times

No. of allowed errors: 2

Overview of removed sequences
length	count	expect	max.err	error counts
25	8	0.0	2	0 0 8
26	166	0.0	2	0 152 14
27	39181	0.0	2	38592 559 30
28	72	0.0	2	0 67 5


=== Second read: Adapter 2 ===

Sequence: NNNNNNCATAGTGGGGTATCTAATCCCAGTTTG; Type: anchored 5'; Length: 33; Trimmed: 39150 times

No. of allowed errors: 2

Overview of removed sequences
length	count	expect	max.err	error counts
31	9	0.0	2	0 0 9
32	210	0.0	2	0 154 56
33	38833	0.0	2	38348 441 44
34	97	0.0	2	0 73 24
35	1	0.0	2	0 0 1



152-S

This is cutadapt 5.0 with Python 3.12.9
Command line parameters: --cores=0 -e 0.1 -g ^NNNNNNGTCGGTAAAACTCGTGCCAGC -G ^NNNNNNCATAGTGGGGTATCTAATCCCAGTTTG --discard-untrimmed -o 01_Cutadapt_Lib2019/FASTQ_trim/152-S_S67_L001_R1_001_trim.fastq.gz -p 01_Cutadapt_Lib2019/FASTQ_trim/152-S_S67_L001_R2_001_trim.fastq.gz 00_FASTQ_Lib2019/152-S_S67_L001_R1_001.fastq.gz 00_FASTQ_Lib2019/152-S_S67_L001_R2_001.fastq.gz
Processing paired-end reads on 10 cores ...

=== Summary ===

Total read pairs processed:             24,587
  Read 1 with adapter:                  24,451 (99.4%)
  Read 2 with adapter:                  24,377 (99.1%)

== Read fate breakdown ==
Pairs discarded as untrimmed:              285 (1.2%)
Pairs written (passing filters):        24,302 (98.8%)

Total basepairs processed:     7,406,587 bp
  Read 1:     3,698,804 bp
  Read 2:     3,707,783 bp
Total written (filtered):      5,874,073 bp (79.3%)
  Read 1:     3,007,397 bp
  Read 2:     2,866,676 bp

=== First read: Adapter 1 ===

Sequence: NNNNNNGTCGGTAAAACTCGTGCCAGC; Type: anchored 5'; Length: 27; Trimmed: 24451 times

No. of allowed errors: 2

Overview of removed sequences
length	count	expect	max.err	error counts
25	4	0.0	2	0 0 4
26	124	0.0	2	0 99 25
27	24288	0.0	2	23959 300 29
28	35	0.0	2	0 29 6


=== Second read: Adapter 2 ===

Sequence: NNNNNNCATAGTGGGGTATCTAATCCCAGTTTG; Type: anchored 5'; Length: 33; Trimmed: 24377 times

No. of allowed errors: 2

Overview of removed sequences
length	count	expect	max.err	error counts
31	6	0.0	2	0 0 6
32	112	0.0	2	0 84 28
33	24203	0.0	2	23899 282 22
34	56	0.0	2	0 44 12



153-S

This is cutadapt 5.0 with Python 3.12.9
Command line parameters: --cores=0 -e 0.1 -g ^NNNNNNGTCGGTAAAACTCGTGCCAGC -G ^NNNNNNCATAGTGGGGTATCTAATCCCAGTTTG --discard-untrimmed -o 01_Cutadapt_Lib2019/FASTQ_trim/153-S_S68_L001_R1_001_trim.fastq.gz -p 01_Cutadapt_Lib2019/FASTQ_trim/153-S_S68_L001_R2_001_trim.fastq.gz 00_FASTQ_Lib2019/153-S_S68_L001_R1_001.fastq.gz 00_FASTQ_Lib2019/153-S_S68_L001_R2_001.fastq.gz
Processing paired-end reads on 10 cores ...

=== Summary ===

Total read pairs processed:             41,285
  Read 1 with adapter:                  41,037 (99.4%)
  Read 2 with adapter:                  40,889 (99.0%)

== Read fate breakdown ==
Pairs discarded as untrimmed:              539 (1.3%)
Pairs written (passing filters):        40,746 (98.7%)

Total basepairs processed:    12,421,451 bp
  Read 1:     6,204,120 bp
  Read 2:     6,217,331 bp
Total written (filtered):      9,835,111 bp (79.2%)
  Read 1:     5,039,026 bp
  Read 2:     4,796,085 bp

=== First read: Adapter 1 ===

Sequence: NNNNNNGTCGGTAAAACTCGTGCCAGC; Type: anchored 5'; Length: 27; Trimmed: 41037 times

No. of allowed errors: 2

Overview of removed sequences
length	count	expect	max.err	error counts
25	13	0.0	2	0 0 13
26	181	0.0	2	0 163 18
27	40785	0.0	2	40233 515 37
28	57	0.0	2	0 50 7
29	1	0.0	2	0 0 1


=== Second read: Adapter 2 ===

Sequence: NNNNNNCATAGTGGGGTATCTAATCCCAGTTTG; Type: anchored 5'; Length: 33; Trimmed: 40889 times

No. of allowed errors: 2

Overview of removed sequences
length	count	expect	max.err	error counts
31	11	0.0	2	0 0 11
32	202	0.0	2	0 144 58
33	40599	0.0	2	40121 451 27
34	77	0.0	2	0 55 22



154-S

This is cutadapt 5.0 with Python 3.12.9
Command line parameters: --cores=0 -e 0.1 -g ^NNNNNNGTCGGTAAAACTCGTGCCAGC -G ^NNNNNNCATAGTGGGGTATCTAATCCCAGTTTG --discard-untrimmed -o 01_Cutadapt_Lib2019/FASTQ_trim/154-S_S69_L001_R1_001_trim.fastq.gz -p 01_Cutadapt_Lib2019/FASTQ_trim/154-S_S69_L001_R2_001_trim.fastq.gz 00_FASTQ_Lib2019/154-S_S69_L001_R1_001.fastq.gz 00_FASTQ_Lib2019/154-S_S69_L001_R2_001.fastq.gz
Processing paired-end reads on 10 cores ...

=== Summary ===

Total read pairs processed:                 21
  Read 1 with adapter:                      20 (95.2%)
  Read 2 with adapter:                      20 (95.2%)

== Read fate breakdown ==
Pairs discarded as untrimmed:                1 (4.8%)
Pairs written (passing filters):            20 (95.2%)

Total basepairs processed:         6,104 bp
  Read 1:         3,049 bp
  Read 2:         3,055 bp
Total written (filtered):          4,834 bp (79.2%)
  Read 1:         2,474 bp
  Read 2:         2,360 bp

=== First read: Adapter 1 ===

Sequence: NNNNNNGTCGGTAAAACTCGTGCCAGC; Type: anchored 5'; Length: 27; Trimmed: 20 times

No. of allowed errors: 2

Overview of removed sequences
length	count	expect	max.err	error counts
27	20	0.0	2	19 1


=== Second read: Adapter 2 ===

Sequence: NNNNNNCATAGTGGGGTATCTAATCCCAGTTTG; Type: anchored 5'; Length: 33; Trimmed: 20 times

No. of allowed errors: 2

Overview of removed sequences
length	count	expect	max.err	error counts
33	20	0.0	2	20



155-S

This is cutadapt 5.0 with Python 3.12.9
Command line parameters: --cores=0 -e 0.1 -g ^NNNNNNGTCGGTAAAACTCGTGCCAGC -G ^NNNNNNCATAGTGGGGTATCTAATCCCAGTTTG --discard-untrimmed -o 01_Cutadapt_Lib2019/FASTQ_trim/155-S_S70_L001_R1_001_trim.fastq.gz -p 01_Cutadapt_Lib2019/FASTQ_trim/155-S_S70_L001_R2_001_trim.fastq.gz 00_FASTQ_Lib2019/155-S_S70_L001_R1_001.fastq.gz 00_FASTQ_Lib2019/155-S_S70_L001_R2_001.fastq.gz
Processing paired-end reads on 10 cores ...

=== Summary ===

Total read pairs processed:             46,791
  Read 1 with adapter:                  46,508 (99.4%)
  Read 2 with adapter:                  46,477 (99.3%)

== Read fate breakdown ==
Pairs discarded as untrimmed:              489 (1.0%)
Pairs written (passing filters):        46,302 (99.0%)

Total basepairs processed:    14,073,644 bp
  Read 1:     7,026,331 bp
  Read 2:     7,047,313 bp
Total written (filtered):     11,161,213 bp (79.3%)
  Read 1:     5,710,025 bp
  Read 2:     5,451,188 bp

=== First read: Adapter 1 ===

Sequence: NNNNNNGTCGGTAAAACTCGTGCCAGC; Type: anchored 5'; Length: 27; Trimmed: 46508 times

No. of allowed errors: 2

Overview of removed sequences
length	count	expect	max.err	error counts
25	12	0.0	2	0 0 12
26	215	0.0	2	0 189 26
27	46207	0.0	2	45566 616 25
28	73	0.0	2	0 64 9
29	1	0.0	2	0 0 1


=== Second read: Adapter 2 ===

Sequence: NNNNNNCATAGTGGGGTATCTAATCCCAGTTTG; Type: anchored 5'; Length: 33; Trimmed: 46477 times

No. of allowed errors: 2

Overview of removed sequences
length	count	expect	max.err	error counts
31	7	0.0	2	0 0 7
32	236	0.0	2	0 170 66
33	46153	0.0	2	45589 474 90
34	80	0.0	2	0 63 17
35	1	0.0	2	0 0 1



156-S

This is cutadapt 5.0 with Python 3.12.9
Command line parameters: --cores=0 -e 0.1 -g ^NNNNNNGTCGGTAAAACTCGTGCCAGC -G ^NNNNNNCATAGTGGGGTATCTAATCCCAGTTTG --discard-untrimmed -o 01_Cutadapt_Lib2019/FASTQ_trim/156-S_S71_L001_R1_001_trim.fastq.gz -p 01_Cutadapt_Lib2019/FASTQ_trim/156-S_S71_L001_R2_001_trim.fastq.gz 00_FASTQ_Lib2019/156-S_S71_L001_R1_001.fastq.gz 00_FASTQ_Lib2019/156-S_S71_L001_R2_001.fastq.gz
Processing paired-end reads on 10 cores ...

=== Summary ===

Total read pairs processed:              2,997
  Read 1 with adapter:                   1,808 (60.3%)
  Read 2 with adapter:                     874 (29.2%)

== Read fate breakdown ==
Pairs discarded as untrimmed:            2,131 (71.1%)
Pairs written (passing filters):           866 (28.9%)

Total basepairs processed:       494,255 bp
  Read 1:       191,244 bp
  Read 2:       303,011 bp
Total written (filtered):         82,235 bp (16.6%)
  Read 1:        44,711 bp
  Read 2:        37,524 bp

=== First read: Adapter 1 ===

Sequence: NNNNNNGTCGGTAAAACTCGTGCCAGC; Type: anchored 5'; Length: 27; Trimmed: 1808 times

No. of allowed errors: 2

Overview of removed sequences
length	count	expect	max.err	error counts
26	71	0.0	2	0 69 2
27	1734	0.0	2	1580 150 4
28	3	0.0	2	0 3


=== Second read: Adapter 2 ===

Sequence: NNNNNNCATAGTGGGGTATCTAATCCCAGTTTG; Type: anchored 5'; Length: 33; Trimmed: 874 times

No. of allowed errors: 2

Overview of removed sequences
length	count	expect	max.err	error counts
32	129	0.0	2	0 1 128
33	744	0.0	2	237 489 18
34	1	0.0	2	0 0 1



157-S

This is cutadapt 5.0 with Python 3.12.9
Command line parameters: --cores=0 -e 0.1 -g ^NNNNNNGTCGGTAAAACTCGTGCCAGC -G ^NNNNNNCATAGTGGGGTATCTAATCCCAGTTTG --discard-untrimmed -o 01_Cutadapt_Lib2019/FASTQ_trim/157-S_S73_L001_R1_001_trim.fastq.gz -p 01_Cutadapt_Lib2019/FASTQ_trim/157-S_S73_L001_R2_001_trim.fastq.gz 00_FASTQ_Lib2019/157-S_S73_L001_R1_001.fastq.gz 00_FASTQ_Lib2019/157-S_S73_L001_R2_001.fastq.gz
Processing paired-end reads on 10 cores ...

=== Summary ===

Total read pairs processed:             45,424
  Read 1 with adapter:                  45,228 (99.6%)
  Read 2 with adapter:                  45,150 (99.4%)

== Read fate breakdown ==
Pairs discarded as untrimmed:              407 (0.9%)
Pairs written (passing filters):        45,017 (99.1%)

Total basepairs processed:    13,628,545 bp
  Read 1:     6,792,072 bp
  Read 2:     6,836,473 bp
Total written (filtered):     10,809,924 bp (79.3%)
  Read 1:     5,518,078 bp
  Read 2:     5,291,846 bp

=== First read: Adapter 1 ===

Sequence: NNNNNNGTCGGTAAAACTCGTGCCAGC; Type: anchored 5'; Length: 27; Trimmed: 45228 times

No. of allowed errors: 2

Overview of removed sequences
length	count	expect	max.err	error counts
25	8	0.0	2	0 0 8
26	188	0.0	2	0 165 23
27	44960	0.0	2	44207 703 50
28	72	0.0	2	0 64 8


=== Second read: Adapter 2 ===

Sequence: NNNNNNCATAGTGGGGTATCTAATCCCAGTTTG; Type: anchored 5'; Length: 33; Trimmed: 45150 times

No. of allowed errors: 2

Overview of removed sequences
length	count	expect	max.err	error counts
31	4	0.0	2	0 0 4
32	247	0.0	2	0 191 56
33	44824	0.0	2	44190 459 175
34	75	0.0	2	0 57 18



158-S

This is cutadapt 5.0 with Python 3.12.9
Command line parameters: --cores=0 -e 0.1 -g ^NNNNNNGTCGGTAAAACTCGTGCCAGC -G ^NNNNNNCATAGTGGGGTATCTAATCCCAGTTTG --discard-untrimmed -o 01_Cutadapt_Lib2019/FASTQ_trim/158-S_S74_L001_R1_001_trim.fastq.gz -p 01_Cutadapt_Lib2019/FASTQ_trim/158-S_S74_L001_R2_001_trim.fastq.gz 00_FASTQ_Lib2019/158-S_S74_L001_R1_001.fastq.gz 00_FASTQ_Lib2019/158-S_S74_L001_R2_001.fastq.gz
Processing paired-end reads on 10 cores ...

=== Summary ===

Total read pairs processed:             26,208
  Read 1 with adapter:                  25,675 (98.0%)
  Read 2 with adapter:                  25,210 (96.2%)

== Read fate breakdown ==
Pairs discarded as untrimmed:            1,086 (4.1%)
Pairs written (passing filters):        25,122 (95.9%)

Total basepairs processed:     7,713,837 bp
  Read 1:     3,834,020 bp
  Read 2:     3,879,817 bp
Total written (filtered):      5,994,729 bp (77.7%)
  Read 1:     3,071,737 bp
  Read 2:     2,922,992 bp

=== First read: Adapter 1 ===

Sequence: NNNNNNGTCGGTAAAACTCGTGCCAGC; Type: anchored 5'; Length: 27; Trimmed: 25675 times

No. of allowed errors: 2

Overview of removed sequences
length	count	expect	max.err	error counts
25	4	0.0	2	0 0 4
26	147	0.0	2	0 127 20
27	25475	0.0	2	24772 446 257
28	49	0.0	2	0 42 7


=== Second read: Adapter 2 ===

Sequence: NNNNNNCATAGTGGGGTATCTAATCCCAGTTTG; Type: anchored 5'; Length: 33; Trimmed: 25210 times

No. of allowed errors: 2

Overview of removed sequences
length	count	expect	max.err	error counts
31	8	0.0	2	0 0 8
32	151	0.0	2	0 103 48
33	25013	0.0	2	24761 220 32
34	38	0.0	2	0 26 12



159-S

This is cutadapt 5.0 with Python 3.12.9
Command line parameters: --cores=0 -e 0.1 -g ^NNNNNNGTCGGTAAAACTCGTGCCAGC -G ^NNNNNNCATAGTGGGGTATCTAATCCCAGTTTG --discard-untrimmed -o 01_Cutadapt_Lib2019/FASTQ_trim/159-S_S75_L001_R1_001_trim.fastq.gz -p 01_Cutadapt_Lib2019/FASTQ_trim/159-S_S75_L001_R2_001_trim.fastq.gz 00_FASTQ_Lib2019/159-S_S75_L001_R1_001.fastq.gz 00_FASTQ_Lib2019/159-S_S75_L001_R2_001.fastq.gz
Processing paired-end reads on 10 cores ...

=== Summary ===

Total read pairs processed:             28,618
  Read 1 with adapter:                  28,315 (98.9%)
  Read 2 with adapter:                  28,101 (98.2%)

== Read fate breakdown ==
Pairs discarded as untrimmed:              594 (2.1%)
Pairs written (passing filters):        28,024 (97.9%)

Total basepairs processed:     8,505,141 bp
  Read 1:     4,234,677 bp
  Read 2:     4,270,464 bp
Total written (filtered):      6,696,842 bp (78.7%)
  Read 1:     3,423,521 bp
  Read 2:     3,273,321 bp

=== First read: Adapter 1 ===

Sequence: NNNNNNGTCGGTAAAACTCGTGCCAGC; Type: anchored 5'; Length: 27; Trimmed: 28315 times

No. of allowed errors: 2

Overview of removed sequences
length	count	expect	max.err	error counts
25	6	0.0	2	0 0 6
26	111	0.0	2	0 95 16
27	28146	0.0	2	27727 396 23
28	51	0.0	2	0 45 6
29	1	0.0	2	0 0 1


=== Second read: Adapter 2 ===

Sequence: NNNNNNCATAGTGGGGTATCTAATCCCAGTTTG; Type: anchored 5'; Length: 33; Trimmed: 28101 times

No. of allowed errors: 2

Overview of removed sequences
length	count	expect	max.err	error counts
31	8	0.0	2	0 0 8
32	193	0.0	2	0 160 33
33	27849	0.0	2	27156 526 167
34	50	0.0	2	0 37 13
35	1	0.0	2	0 0 1



160-S

This is cutadapt 5.0 with Python 3.12.9
Command line parameters: --cores=0 -e 0.1 -g ^NNNNNNGTCGGTAAAACTCGTGCCAGC -G ^NNNNNNCATAGTGGGGTATCTAATCCCAGTTTG --discard-untrimmed -o 01_Cutadapt_Lib2019/FASTQ_trim/160-S_S76_L001_R1_001_trim.fastq.gz -p 01_Cutadapt_Lib2019/FASTQ_trim/160-S_S76_L001_R2_001_trim.fastq.gz 00_FASTQ_Lib2019/160-S_S76_L001_R1_001.fastq.gz 00_FASTQ_Lib2019/160-S_S76_L001_R2_001.fastq.gz
Processing paired-end reads on 10 cores ...

=== Summary ===

Total read pairs processed:              1,659
  Read 1 with adapter:                   1,493 (90.0%)
  Read 2 with adapter:                   1,107 (66.7%)

== Read fate breakdown ==
Pairs discarded as untrimmed:              559 (33.7%)
Pairs written (passing filters):         1,100 (66.3%)

Total basepairs processed:       442,527 bp
  Read 1:       206,691 bp
  Read 2:       235,836 bp
Total written (filtered):        264,496 bp (59.8%)
  Read 1:       134,816 bp
  Read 2:       129,680 bp

=== First read: Adapter 1 ===

Sequence: NNNNNNGTCGGTAAAACTCGTGCCAGC; Type: anchored 5'; Length: 27; Trimmed: 1493 times

No. of allowed errors: 2

Overview of removed sequences
length	count	expect	max.err	error counts
26	5	0.0	2	0 4 1
27	1485	0.0	2	1456 28 1
28	3	0.0	2	0 3


=== Second read: Adapter 2 ===

Sequence: NNNNNNCATAGTGGGGTATCTAATCCCAGTTTG; Type: anchored 5'; Length: 33; Trimmed: 1107 times

No. of allowed errors: 2

Overview of removed sequences
length	count	expect	max.err	error counts
31	1	0.0	2	0 0 1
32	4	0.0	2	0 4
33	1100	0.0	2	1078 14 8
34	2	0.0	2	0 2



161-N

This is cutadapt 5.0 with Python 3.12.9
Command line parameters: --cores=0 -e 0.1 -g ^NNNNNNGTCGGTAAAACTCGTGCCAGC -G ^NNNNNNCATAGTGGGGTATCTAATCCCAGTTTG --discard-untrimmed -o 01_Cutadapt_Lib2019/FASTQ_trim/161-N_S78_L001_R1_001_trim.fastq.gz -p 01_Cutadapt_Lib2019/FASTQ_trim/161-N_S78_L001_R2_001_trim.fastq.gz 00_FASTQ_Lib2019/161-N_S78_L001_R1_001.fastq.gz 00_FASTQ_Lib2019/161-N_S78_L001_R2_001.fastq.gz
Processing paired-end reads on 10 cores ...

=== Summary ===

Total read pairs processed:              3,559
  Read 1 with adapter:                     611 (17.2%)
  Read 2 with adapter:                     180 (5.1%)

== Read fate breakdown ==
Pairs discarded as untrimmed:            3,388 (95.2%)
Pairs written (passing filters):           171 (4.8%)

Total basepairs processed:       521,011 bp
  Read 1:       161,540 bp
  Read 2:       359,471 bp
Total written (filtered):         15,624 bp (3.0%)
  Read 1:         8,251 bp
  Read 2:         7,373 bp

=== First read: Adapter 1 ===

Sequence: NNNNNNGTCGGTAAAACTCGTGCCAGC; Type: anchored 5'; Length: 27; Trimmed: 611 times

No. of allowed errors: 2

Overview of removed sequences
length	count	expect	max.err	error counts
26	5	0.0	2	0 3 2
27	606	0.0	2	478 126 2


=== Second read: Adapter 2 ===

Sequence: NNNNNNCATAGTGGGGTATCTAATCCCAGTTTG; Type: anchored 5'; Length: 33; Trimmed: 180 times

No. of allowed errors: 2

Overview of removed sequences
length	count	expect	max.err	error counts
31	2	0.0	2	0 0 2
32	105	0.0	2	0 103 2
33	73	0.0	2	56 6 11



161-S

This is cutadapt 5.0 with Python 3.12.9
Command line parameters: --cores=0 -e 0.1 -g ^NNNNNNGTCGGTAAAACTCGTGCCAGC -G ^NNNNNNCATAGTGGGGTATCTAATCCCAGTTTG --discard-untrimmed -o 01_Cutadapt_Lib2019/FASTQ_trim/161-S_S77_L001_R1_001_trim.fastq.gz -p 01_Cutadapt_Lib2019/FASTQ_trim/161-S_S77_L001_R2_001_trim.fastq.gz 00_FASTQ_Lib2019/161-S_S77_L001_R1_001.fastq.gz 00_FASTQ_Lib2019/161-S_S77_L001_R2_001.fastq.gz
Processing paired-end reads on 10 cores ...

=== Summary ===

Total read pairs processed:             40,561
  Read 1 with adapter:                  39,984 (98.6%)
  Read 2 with adapter:                  39,907 (98.4%)

== Read fate breakdown ==
Pairs discarded as untrimmed:              779 (1.9%)
Pairs written (passing filters):        39,782 (98.1%)

Total basepairs processed:    12,071,170 bp
  Read 1:     6,012,281 bp
  Read 2:     6,058,889 bp
Total written (filtered):      9,542,186 bp (79.0%)
  Read 1:     4,870,711 bp
  Read 2:     4,671,475 bp

=== First read: Adapter 1 ===

Sequence: NNNNNNGTCGGTAAAACTCGTGCCAGC; Type: anchored 5'; Length: 27; Trimmed: 39984 times

No. of allowed errors: 2

Overview of removed sequences
length	count	expect	max.err	error counts
25	7	0.0	2	0 0 7
26	167	0.0	2	0 141 26
27	39743	0.0	2	39007 697 39
28	66	0.0	2	0 60 6
29	1	0.0	2	0 0 1


=== Second read: Adapter 2 ===

Sequence: NNNNNNCATAGTGGGGTATCTAATCCCAGTTTG; Type: anchored 5'; Length: 33; Trimmed: 39907 times

No. of allowed errors: 2

Overview of removed sequences
length	count	expect	max.err	error counts
31	21	0.0	2	0 0 21
32	197	0.0	2	0 151 46
33	39634	0.0	2	38992 604 38
34	55	0.0	2	0 43 12



162-S

This is cutadapt 5.0 with Python 3.12.9
Command line parameters: --cores=0 -e 0.1 -g ^NNNNNNGTCGGTAAAACTCGTGCCAGC -G ^NNNNNNCATAGTGGGGTATCTAATCCCAGTTTG --discard-untrimmed -o 01_Cutadapt_Lib2019/FASTQ_trim/162-S_S79_L001_R1_001_trim.fastq.gz -p 01_Cutadapt_Lib2019/FASTQ_trim/162-S_S79_L001_R2_001_trim.fastq.gz 00_FASTQ_Lib2019/162-S_S79_L001_R1_001.fastq.gz 00_FASTQ_Lib2019/162-S_S79_L001_R2_001.fastq.gz
Processing paired-end reads on 10 cores ...

=== Summary ===

Total read pairs processed:             15,776
  Read 1 with adapter:                  15,391 (97.6%)
  Read 2 with adapter:                  14,809 (93.9%)

== Read fate breakdown ==
Pairs discarded as untrimmed:            1,016 (6.4%)
Pairs written (passing filters):        14,760 (93.6%)

Total basepairs processed:     4,630,451 bp
  Read 1:     2,292,539 bp
  Read 2:     2,337,912 bp
Total written (filtered):      3,554,165 bp (76.8%)
  Read 1:     1,813,785 bp
  Read 2:     1,740,380 bp

=== First read: Adapter 1 ===

Sequence: NNNNNNGTCGGTAAAACTCGTGCCAGC; Type: anchored 5'; Length: 27; Trimmed: 15391 times

No. of allowed errors: 2

Overview of removed sequences
length	count	expect	max.err	error counts
25	4	0.0	2	0 0 4
26	78	0.0	2	0 71 7
27	15284	0.0	2	15107 158 19
28	25	0.0	2	0 22 3


=== Second read: Adapter 2 ===

Sequence: NNNNNNCATAGTGGGGTATCTAATCCCAGTTTG; Type: anchored 5'; Length: 33; Trimmed: 14809 times

No. of allowed errors: 2

Overview of removed sequences
length	count	expect	max.err	error counts
31	7	0.0	2	0 0 7
32	85	0.0	2	0 62 23
33	14690	0.0	2	14540 134 16
34	27	0.0	2	0 21 6



163-S

This is cutadapt 5.0 with Python 3.12.9
Command line parameters: --cores=0 -e 0.1 -g ^NNNNNNGTCGGTAAAACTCGTGCCAGC -G ^NNNNNNCATAGTGGGGTATCTAATCCCAGTTTG --discard-untrimmed -o 01_Cutadapt_Lib2019/FASTQ_trim/163-S_S80_L001_R1_001_trim.fastq.gz -p 01_Cutadapt_Lib2019/FASTQ_trim/163-S_S80_L001_R2_001_trim.fastq.gz 00_FASTQ_Lib2019/163-S_S80_L001_R1_001.fastq.gz 00_FASTQ_Lib2019/163-S_S80_L001_R2_001.fastq.gz
Processing paired-end reads on 10 cores ...

=== Summary ===

Total read pairs processed:             43,015
  Read 1 with adapter:                  42,824 (99.6%)
  Read 2 with adapter:                  42,735 (99.3%)

== Read fate breakdown ==
Pairs discarded as untrimmed:              403 (0.9%)
Pairs written (passing filters):        42,612 (99.1%)

Total basepairs processed:    12,945,467 bp
  Read 1:     6,459,555 bp
  Read 2:     6,485,912 bp
Total written (filtered):     10,274,607 bp (79.4%)
  Read 1:     5,253,669 bp
  Read 2:     5,020,938 bp

=== First read: Adapter 1 ===

Sequence: NNNNNNGTCGGTAAAACTCGTGCCAGC; Type: anchored 5'; Length: 27; Trimmed: 42824 times

No. of allowed errors: 2

Overview of removed sequences
length	count	expect	max.err	error counts
25	11	0.0	2	0 0 11
26	180	0.0	2	0 153 27
27	42567	0.0	2	41914 621 32
28	63	0.0	2	0 59 4
29	3	0.0	2	0 0 3


=== Second read: Adapter 2 ===

Sequence: NNNNNNCATAGTGGGGTATCTAATCCCAGTTTG; Type: anchored 5'; Length: 33; Trimmed: 42735 times

No. of allowed errors: 2

Overview of removed sequences
length	count	expect	max.err	error counts
31	9	0.0	2	0 0 9
32	203	0.0	2	0 164 39
33	42459	0.0	2	42048 382 29
34	64	0.0	2	0 51 13



164-S

This is cutadapt 5.0 with Python 3.12.9
Command line parameters: --cores=0 -e 0.1 -g ^NNNNNNGTCGGTAAAACTCGTGCCAGC -G ^NNNNNNCATAGTGGGGTATCTAATCCCAGTTTG --discard-untrimmed -o 01_Cutadapt_Lib2019/FASTQ_trim/164-S_S81_L001_R1_001_trim.fastq.gz -p 01_Cutadapt_Lib2019/FASTQ_trim/164-S_S81_L001_R2_001_trim.fastq.gz 00_FASTQ_Lib2019/164-S_S81_L001_R1_001.fastq.gz 00_FASTQ_Lib2019/164-S_S81_L001_R2_001.fastq.gz
Processing paired-end reads on 10 cores ...

=== Summary ===

Total read pairs processed:             57,911
  Read 1 with adapter:                  57,528 (99.3%)
  Read 2 with adapter:                  57,251 (98.9%)

== Read fate breakdown ==
Pairs discarded as untrimmed:              790 (1.4%)
Pairs written (passing filters):        57,121 (98.6%)

Total basepairs processed:    17,375,703 bp
  Read 1:     8,652,811 bp
  Read 2:     8,722,892 bp
Total written (filtered):     13,767,014 bp (79.2%)
  Read 1:     7,026,559 bp
  Read 2:     6,740,455 bp

=== First read: Adapter 1 ===

Sequence: NNNNNNGTCGGTAAAACTCGTGCCAGC; Type: anchored 5'; Length: 27; Trimmed: 57528 times

No. of allowed errors: 2

Overview of removed sequences
length	count	expect	max.err	error counts
25	12	0.0	2	0 0 12
26	243	0.0	2	0 220 23
27	57194	0.0	2	56278 876 40
28	78	0.0	2	0 69 9
29	1	0.0	2	0 0 1


=== Second read: Adapter 2 ===

Sequence: NNNNNNCATAGTGGGGTATCTAATCCCAGTTTG; Type: anchored 5'; Length: 33; Trimmed: 57251 times

No. of allowed errors: 2

Overview of removed sequences
length	count	expect	max.err	error counts
31	11	0.0	2	0 0 11
32	295	0.0	2	0 221 74
33	56837	0.0	2	56321 478 38
34	108	0.0	2	0 80 28



165-S

This is cutadapt 5.0 with Python 3.12.9
Command line parameters: --cores=0 -e 0.1 -g ^NNNNNNGTCGGTAAAACTCGTGCCAGC -G ^NNNNNNCATAGTGGGGTATCTAATCCCAGTTTG --discard-untrimmed -o 01_Cutadapt_Lib2019/FASTQ_trim/165-S_S82_L001_R1_001_trim.fastq.gz -p 01_Cutadapt_Lib2019/FASTQ_trim/165-S_S82_L001_R2_001_trim.fastq.gz 00_FASTQ_Lib2019/165-S_S82_L001_R1_001.fastq.gz 00_FASTQ_Lib2019/165-S_S82_L001_R2_001.fastq.gz
Processing paired-end reads on 10 cores ...

=== Summary ===

Total read pairs processed:             38,181
  Read 1 with adapter:                  37,141 (97.3%)
  Read 2 with adapter:                  36,632 (95.9%)

== Read fate breakdown ==
Pairs discarded as untrimmed:            1,645 (4.3%)
Pairs written (passing filters):        36,536 (95.7%)

Total basepairs processed:    11,244,607 bp
  Read 1:     5,581,981 bp
  Read 2:     5,662,626 bp
Total written (filtered):      8,749,671 bp (77.8%)
  Read 1:     4,483,882 bp
  Read 2:     4,265,789 bp

=== First read: Adapter 1 ===

Sequence: NNNNNNGTCGGTAAAACTCGTGCCAGC; Type: anchored 5'; Length: 27; Trimmed: 37141 times

No. of allowed errors: 2

Overview of removed sequences
length	count	expect	max.err	error counts
25	6	0.0	2	0 0 6
26	177	0.0	2	0 149 28
27	36908	0.0	2	36104 770 34
28	50	0.0	2	0 43 7


=== Second read: Adapter 2 ===

Sequence: NNNNNNCATAGTGGGGTATCTAATCCCAGTTTG; Type: anchored 5'; Length: 33; Trimmed: 36632 times

No. of allowed errors: 2

Overview of removed sequences
length	count	expect	max.err	error counts
31	10	0.0	2	0 0 10
32	218	0.0	2	0 158 60
33	36324	0.0	2	35500 443 381
34	79	0.0	2	0 49 30
35	1	0.0	2	0 0 1



166-S

This is cutadapt 5.0 with Python 3.12.9
Command line parameters: --cores=0 -e 0.1 -g ^NNNNNNGTCGGTAAAACTCGTGCCAGC -G ^NNNNNNCATAGTGGGGTATCTAATCCCAGTTTG --discard-untrimmed -o 01_Cutadapt_Lib2019/FASTQ_trim/166-S_S83_L001_R1_001_trim.fastq.gz -p 01_Cutadapt_Lib2019/FASTQ_trim/166-S_S83_L001_R2_001_trim.fastq.gz 00_FASTQ_Lib2019/166-S_S83_L001_R1_001.fastq.gz 00_FASTQ_Lib2019/166-S_S83_L001_R2_001.fastq.gz
Processing paired-end reads on 10 cores ...

=== Summary ===

Total read pairs processed:             24,301
  Read 1 with adapter:                  23,973 (98.7%)
  Read 2 with adapter:                  23,810 (98.0%)

== Read fate breakdown ==
Pairs discarded as untrimmed:              561 (2.3%)
Pairs written (passing filters):        23,740 (97.7%)

Total basepairs processed:     7,253,858 bp
  Read 1:     3,605,136 bp
  Read 2:     3,648,722 bp
Total written (filtered):      5,712,154 bp (78.7%)
  Read 1:     2,915,724 bp
  Read 2:     2,796,430 bp

=== First read: Adapter 1 ===

Sequence: NNNNNNGTCGGTAAAACTCGTGCCAGC; Type: anchored 5'; Length: 27; Trimmed: 23973 times

No. of allowed errors: 2

Overview of removed sequences
length	count	expect	max.err	error counts
25	5	0.0	2	0 0 5
26	82	0.0	2	0 73 9
27	23843	0.0	2	23535 288 20
28	43	0.0	2	0 37 6


=== Second read: Adapter 2 ===

Sequence: NNNNNNCATAGTGGGGTATCTAATCCCAGTTTG; Type: anchored 5'; Length: 33; Trimmed: 23810 times

No. of allowed errors: 2

Overview of removed sequences
length	count	expect	max.err	error counts
31	5	0.0	2	0 0 5
32	123	0.0	2	0 80 43
33	23635	0.0	2	23300 248 87
34	47	0.0	2	0 35 12



167-S

This is cutadapt 5.0 with Python 3.12.9
Command line parameters: --cores=0 -e 0.1 -g ^NNNNNNGTCGGTAAAACTCGTGCCAGC -G ^NNNNNNCATAGTGGGGTATCTAATCCCAGTTTG --discard-untrimmed -o 01_Cutadapt_Lib2019/FASTQ_trim/167-S_S84_L001_R1_001_trim.fastq.gz -p 01_Cutadapt_Lib2019/FASTQ_trim/167-S_S84_L001_R2_001_trim.fastq.gz 00_FASTQ_Lib2019/167-S_S84_L001_R1_001.fastq.gz 00_FASTQ_Lib2019/167-S_S84_L001_R2_001.fastq.gz
Processing paired-end reads on 10 cores ...

=== Summary ===

Total read pairs processed:             29,067
  Read 1 with adapter:                  28,599 (98.4%)
  Read 2 with adapter:                  28,165 (96.9%)

== Read fate breakdown ==
Pairs discarded as untrimmed:              958 (3.3%)
Pairs written (passing filters):        28,109 (96.7%)

Total basepairs processed:     8,646,059 bp
  Read 1:     4,292,405 bp
  Read 2:     4,353,654 bp
Total written (filtered):      6,771,656 bp (78.3%)
  Read 1:     3,457,567 bp
  Read 2:     3,314,089 bp

=== First read: Adapter 1 ===

Sequence: NNNNNNGTCGGTAAAACTCGTGCCAGC; Type: anchored 5'; Length: 27; Trimmed: 28599 times

No. of allowed errors: 2

Overview of removed sequences
length	count	expect	max.err	error counts
25	5	0.0	2	0 0 5
26	130	0.0	2	0 104 26
27	28422	0.0	2	28040 356 26
28	42	0.0	2	0 40 2


=== Second read: Adapter 2 ===

Sequence: NNNNNNCATAGTGGGGTATCTAATCCCAGTTTG; Type: anchored 5'; Length: 33; Trimmed: 28165 times

No. of allowed errors: 2

Overview of removed sequences
length	count	expect	max.err	error counts
31	8	0.0	2	0 0 8
32	140	0.0	2	0 107 33
33	27960	0.0	2	27634 290 36
34	55	0.0	2	0 42 13
35	2	0.0	2	0 0 2



168-S

This is cutadapt 5.0 with Python 3.12.9
Command line parameters: --cores=0 -e 0.1 -g ^NNNNNNGTCGGTAAAACTCGTGCCAGC -G ^NNNNNNCATAGTGGGGTATCTAATCCCAGTTTG --discard-untrimmed -o 01_Cutadapt_Lib2019/FASTQ_trim/168-S_S85_L001_R1_001_trim.fastq.gz -p 01_Cutadapt_Lib2019/FASTQ_trim/168-S_S85_L001_R2_001_trim.fastq.gz 00_FASTQ_Lib2019/168-S_S85_L001_R1_001.fastq.gz 00_FASTQ_Lib2019/168-S_S85_L001_R2_001.fastq.gz
Processing paired-end reads on 10 cores ...

=== Summary ===

Total read pairs processed:             28,763
  Read 1 with adapter:                  28,379 (98.7%)
  Read 2 with adapter:                  28,222 (98.1%)

== Read fate breakdown ==
Pairs discarded as untrimmed:              601 (2.1%)
Pairs written (passing filters):        28,162 (97.9%)

Total basepairs processed:     8,525,301 bp
  Read 1:     4,244,475 bp
  Read 2:     4,280,826 bp
Total written (filtered):      6,723,741 bp (78.9%)
  Read 1:     3,433,724 bp
  Read 2:     3,290,017 bp

=== First read: Adapter 1 ===

Sequence: NNNNNNGTCGGTAAAACTCGTGCCAGC; Type: anchored 5'; Length: 27; Trimmed: 28379 times

No. of allowed errors: 2

Overview of removed sequences
length	count	expect	max.err	error counts
25	10	0.0	2	0 0 10
26	137	0.0	2	0 115 22
27	28191	0.0	2	27776 403 12
28	41	0.0	2	0 39 2


=== Second read: Adapter 2 ===

Sequence: NNNNNNCATAGTGGGGTATCTAATCCCAGTTTG; Type: anchored 5'; Length: 33; Trimmed: 28222 times

No. of allowed errors: 2

Overview of removed sequences
length	count	expect	max.err	error counts
31	7	0.0	2	0 0 7
32	160	0.0	2	0 105 55
33	28000	0.0	2	27337 398 265
34	55	0.0	2	0 39 16



169-S

This is cutadapt 5.0 with Python 3.12.9
Command line parameters: --cores=0 -e 0.1 -g ^NNNNNNGTCGGTAAAACTCGTGCCAGC -G ^NNNNNNCATAGTGGGGTATCTAATCCCAGTTTG --discard-untrimmed -o 01_Cutadapt_Lib2019/FASTQ_trim/169-S_S86_L001_R1_001_trim.fastq.gz -p 01_Cutadapt_Lib2019/FASTQ_trim/169-S_S86_L001_R2_001_trim.fastq.gz 00_FASTQ_Lib2019/169-S_S86_L001_R1_001.fastq.gz 00_FASTQ_Lib2019/169-S_S86_L001_R2_001.fastq.gz
Processing paired-end reads on 10 cores ...

=== Summary ===

Total read pairs processed:             18,829
  Read 1 with adapter:                  18,586 (98.7%)
  Read 2 with adapter:                  18,313 (97.3%)

== Read fate breakdown ==
Pairs discarded as untrimmed:              550 (2.9%)
Pairs written (passing filters):        18,279 (97.1%)

Total basepairs processed:     5,531,317 bp
  Read 1:     2,748,690 bp
  Read 2:     2,782,627 bp
Total written (filtered):      4,322,205 bp (78.1%)
  Read 1:     2,209,876 bp
  Read 2:     2,112,329 bp

=== First read: Adapter 1 ===

Sequence: NNNNNNGTCGGTAAAACTCGTGCCAGC; Type: anchored 5'; Length: 27; Trimmed: 18586 times

No. of allowed errors: 2

Overview of removed sequences
length	count	expect	max.err	error counts
25	3	0.0	2	0 0 3
26	82	0.0	2	0 68 14
27	18466	0.0	2	18060 384 22
28	34	0.0	2	0 27 7
29	1	0.0	2	0 0 1


=== Second read: Adapter 2 ===

Sequence: NNNNNNCATAGTGGGGTATCTAATCCCAGTTTG; Type: anchored 5'; Length: 33; Trimmed: 18313 times

No. of allowed errors: 2

Overview of removed sequences
length	count	expect	max.err	error counts
31	3	0.0	2	0 0 3
32	133	0.0	2	0 94 39
33	18105	0.0	2	17505 464 136
34	72	0.0	2	0 64 8



170-S

This is cutadapt 5.0 with Python 3.12.9
Command line parameters: --cores=0 -e 0.1 -g ^NNNNNNGTCGGTAAAACTCGTGCCAGC -G ^NNNNNNCATAGTGGGGTATCTAATCCCAGTTTG --discard-untrimmed -o 01_Cutadapt_Lib2019/FASTQ_trim/170-S_S87_L001_R1_001_trim.fastq.gz -p 01_Cutadapt_Lib2019/FASTQ_trim/170-S_S87_L001_R2_001_trim.fastq.gz 00_FASTQ_Lib2019/170-S_S87_L001_R1_001.fastq.gz 00_FASTQ_Lib2019/170-S_S87_L001_R2_001.fastq.gz
Processing paired-end reads on 10 cores ...

=== Summary ===

Total read pairs processed:             41,366
  Read 1 with adapter:                  40,985 (99.1%)
  Read 2 with adapter:                  40,697 (98.4%)

== Read fate breakdown ==
Pairs discarded as untrimmed:              777 (1.9%)
Pairs written (passing filters):        40,589 (98.1%)

Total basepairs processed:    12,357,326 bp
  Read 1:     6,169,324 bp
  Read 2:     6,188,002 bp
Total written (filtered):      9,764,905 bp (79.0%)
  Read 1:     4,999,881 bp
  Read 2:     4,765,024 bp

=== First read: Adapter 1 ===

Sequence: NNNNNNGTCGGTAAAACTCGTGCCAGC; Type: anchored 5'; Length: 27; Trimmed: 40985 times

No. of allowed errors: 2

Overview of removed sequences
length	count	expect	max.err	error counts
25	3	0.0	2	0 0 3
26	168	0.0	2	0 142 26
27	40748	0.0	2	40030 684 34
28	66	0.0	2	0 60 6


=== Second read: Adapter 2 ===

Sequence: NNNNNNCATAGTGGGGTATCTAATCCCAGTTTG; Type: anchored 5'; Length: 33; Trimmed: 40697 times

No. of allowed errors: 2

Overview of removed sequences
length	count	expect	max.err	error counts
31	59	0.0	2	0 0 59
32	210	0.0	2	0 162 48
33	40348	0.0	2	39686 578 84
34	79	0.0	2	0 63 16
35	1	0.0	2	0 0 1



171-S

This is cutadapt 5.0 with Python 3.12.9
Command line parameters: --cores=0 -e 0.1 -g ^NNNNNNGTCGGTAAAACTCGTGCCAGC -G ^NNNNNNCATAGTGGGGTATCTAATCCCAGTTTG --discard-untrimmed -o 01_Cutadapt_Lib2019/FASTQ_trim/171-S_S88_L001_R1_001_trim.fastq.gz -p 01_Cutadapt_Lib2019/FASTQ_trim/171-S_S88_L001_R2_001_trim.fastq.gz 00_FASTQ_Lib2019/171-S_S88_L001_R1_001.fastq.gz 00_FASTQ_Lib2019/171-S_S88_L001_R2_001.fastq.gz
Processing paired-end reads on 10 cores ...

=== Summary ===

Total read pairs processed:             66,862
  Read 1 with adapter:                  66,317 (99.2%)
  Read 2 with adapter:                  65,900 (98.6%)

== Read fate breakdown ==
Pairs discarded as untrimmed:            1,090 (1.6%)
Pairs written (passing filters):        65,772 (98.4%)

Total basepairs processed:    20,099,403 bp
  Read 1:    10,037,739 bp
  Read 2:    10,061,664 bp
Total written (filtered):     15,911,379 bp (79.2%)
  Read 1:     8,153,992 bp
  Read 2:     7,757,387 bp

=== First read: Adapter 1 ===

Sequence: NNNNNNGTCGGTAAAACTCGTGCCAGC; Type: anchored 5'; Length: 27; Trimmed: 66317 times

No. of allowed errors: 2

Overview of removed sequences
length	count	expect	max.err	error counts
25	12	0.0	2	0 0 12
26	323	0.0	2	0 267 56
27	65873	0.0	2	64880 951 42
28	109	0.0	2	0 92 17


=== Second read: Adapter 2 ===

Sequence: NNNNNNCATAGTGGGGTATCTAATCCCAGTTTG; Type: anchored 5'; Length: 33; Trimmed: 65900 times

No. of allowed errors: 2

Overview of removed sequences
length	count	expect	max.err	error counts
31	12	0.0	2	0 0 12
32	340	0.0	2	0 265 75
33	65445	0.0	2	64729 657 59
34	103	0.0	2	0 76 27



172-N

This is cutadapt 5.0 with Python 3.12.9
Command line parameters: --cores=0 -e 0.1 -g ^NNNNNNGTCGGTAAAACTCGTGCCAGC -G ^NNNNNNCATAGTGGGGTATCTAATCCCAGTTTG --discard-untrimmed -o 01_Cutadapt_Lib2019/FASTQ_trim/172-N_S90_L001_R1_001_trim.fastq.gz -p 01_Cutadapt_Lib2019/FASTQ_trim/172-N_S90_L001_R2_001_trim.fastq.gz 00_FASTQ_Lib2019/172-N_S90_L001_R1_001.fastq.gz 00_FASTQ_Lib2019/172-N_S90_L001_R2_001.fastq.gz
Processing paired-end reads on 10 cores ...

=== Summary ===

Total read pairs processed:              2,347
  Read 1 with adapter:                   1,435 (61.1%)
  Read 2 with adapter:                   1,039 (44.3%)

== Read fate breakdown ==
Pairs discarded as untrimmed:            1,315 (56.0%)
Pairs written (passing filters):         1,032 (44.0%)

Total basepairs processed:       353,834 bp
  Read 1:       141,250 bp
  Read 2:       212,584 bp
Total written (filtered):         87,088 bp (24.6%)
  Read 1:        46,205 bp
  Read 2:        40,883 bp

=== First read: Adapter 1 ===

Sequence: NNNNNNGTCGGTAAAACTCGTGCCAGC; Type: anchored 5'; Length: 27; Trimmed: 1435 times

No. of allowed errors: 2

Overview of removed sequences
length	count	expect	max.err	error counts
26	10	0.0	2	0 6 4
27	1419	0.0	2	1118 288 13
28	6	0.0	2	0 6


=== Second read: Adapter 2 ===

Sequence: NNNNNNCATAGTGGGGTATCTAATCCCAGTTTG; Type: anchored 5'; Length: 33; Trimmed: 1039 times

No. of allowed errors: 2

Overview of removed sequences
length	count	expect	max.err	error counts
31	1	0.0	2	0 0 1
32	8	0.0	2	0 3 5
33	1028	0.0	2	288 543 197
34	2	0.0	2	0 2



172-S

This is cutadapt 5.0 with Python 3.12.9
Command line parameters: --cores=0 -e 0.1 -g ^NNNNNNGTCGGTAAAACTCGTGCCAGC -G ^NNNNNNCATAGTGGGGTATCTAATCCCAGTTTG --discard-untrimmed -o 01_Cutadapt_Lib2019/FASTQ_trim/172-S_S89_L001_R1_001_trim.fastq.gz -p 01_Cutadapt_Lib2019/FASTQ_trim/172-S_S89_L001_R2_001_trim.fastq.gz 00_FASTQ_Lib2019/172-S_S89_L001_R1_001.fastq.gz 00_FASTQ_Lib2019/172-S_S89_L001_R2_001.fastq.gz
Processing paired-end reads on 10 cores ...

=== Summary ===

Total read pairs processed:             41,136
  Read 1 with adapter:                  40,922 (99.5%)
  Read 2 with adapter:                  40,701 (98.9%)

== Read fate breakdown ==
Pairs discarded as untrimmed:              519 (1.3%)
Pairs written (passing filters):        40,617 (98.7%)

Total basepairs processed:    12,366,496 bp
  Read 1:     6,178,847 bp
  Read 2:     6,187,649 bp
Total written (filtered):      9,796,045 bp (79.2%)
  Read 1:     5,019,439 bp
  Read 2:     4,776,606 bp

=== First read: Adapter 1 ===

Sequence: NNNNNNGTCGGTAAAACTCGTGCCAGC; Type: anchored 5'; Length: 27; Trimmed: 40922 times

No. of allowed errors: 2

Overview of removed sequences
length	count	expect	max.err	error counts
25	5	0.0	2	0 0 5
26	188	0.0	2	0 145 43
27	40675	0.0	2	40091 553 31
28	54	0.0	2	0 51 3


=== Second read: Adapter 2 ===

Sequence: NNNNNNCATAGTGGGGTATCTAATCCCAGTTTG; Type: anchored 5'; Length: 33; Trimmed: 40701 times

No. of allowed errors: 2

Overview of removed sequences
length	count	expect	max.err	error counts
31	15	0.0	2	0 0 15
32	257	0.0	2	0 198 59
33	40351	0.0	2	39844 421 86
34	77	0.0	2	0 62 15
35	1	0.0	2	0 0 1



PCR-NC-5

This is cutadapt 5.0 with Python 3.12.9
Command line parameters: --cores=0 -e 0.1 -g ^NNNNNNGTCGGTAAAACTCGTGCCAGC -G ^NNNNNNCATAGTGGGGTATCTAATCCCAGTTTG --discard-untrimmed -o 01_Cutadapt_Lib2019/FASTQ_trim/PCR-NC-5_S24_L001_R1_001_trim.fastq.gz -p 01_Cutadapt_Lib2019/FASTQ_trim/PCR-NC-5_S24_L001_R2_001_trim.fastq.gz 00_FASTQ_Lib2019/PCR-NC-5_S24_L001_R1_001.fastq.gz 00_FASTQ_Lib2019/PCR-NC-5_S24_L001_R2_001.fastq.gz
Processing paired-end reads on 10 cores ...

=== Summary ===

Total read pairs processed:              2,583
  Read 1 with adapter:                   1,843 (71.4%)
  Read 2 with adapter:                   1,173 (45.4%)

== Read fate breakdown ==
Pairs discarded as untrimmed:            1,419 (54.9%)
Pairs written (passing filters):         1,164 (45.1%)

Total basepairs processed:       399,472 bp
  Read 1:       166,706 bp
  Read 2:       232,766 bp
Total written (filtered):         99,284 bp (24.9%)
  Read 1:        52,762 bp
  Read 2:        46,522 bp

=== First read: Adapter 1 ===

Sequence: NNNNNNGTCGGTAAAACTCGTGCCAGC; Type: anchored 5'; Length: 27; Trimmed: 1843 times

No. of allowed errors: 2

Overview of removed sequences
length	count	expect	max.err	error counts
25	1	0.0	2	0 0 1
26	4	0.0	2	0 2 2
27	1833	0.0	2	1392 437 4
28	5	0.0	2	0 4 1


=== Second read: Adapter 2 ===

Sequence: NNNNNNCATAGTGGGGTATCTAATCCCAGTTTG; Type: anchored 5'; Length: 33; Trimmed: 1173 times

No. of allowed errors: 2

Overview of removed sequences
length	count	expect	max.err	error counts
32	93	0.0	2	0 85 8
33	1011	0.0	2	292 372 347
34	69	0.0	2	0 4 65



PCR-NC-6

This is cutadapt 5.0 with Python 3.12.9
Command line parameters: --cores=0 -e 0.1 -g ^NNNNNNGTCGGTAAAACTCGTGCCAGC -G ^NNNNNNCATAGTGGGGTATCTAATCCCAGTTTG --discard-untrimmed -o 01_Cutadapt_Lib2019/FASTQ_trim/PCR-NC-6_S48_L001_R1_001_trim.fastq.gz -p 01_Cutadapt_Lib2019/FASTQ_trim/PCR-NC-6_S48_L001_R2_001_trim.fastq.gz 00_FASTQ_Lib2019/PCR-NC-6_S48_L001_R1_001.fastq.gz 00_FASTQ_Lib2019/PCR-NC-6_S48_L001_R2_001.fastq.gz
Processing paired-end reads on 10 cores ...

=== Summary ===

Total read pairs processed:              3,335
  Read 1 with adapter:                   2,343 (70.3%)
  Read 2 with adapter:                   1,622 (48.6%)

== Read fate breakdown ==
Pairs discarded as untrimmed:            1,721 (51.6%)
Pairs written (passing filters):         1,614 (48.4%)

Total basepairs processed:       514,406 bp
  Read 1:       220,288 bp
  Read 2:       294,118 bp
Total written (filtered):        146,179 bp (28.4%)
  Read 1:        78,309 bp
  Read 2:        67,870 bp

=== First read: Adapter 1 ===

Sequence: NNNNNNGTCGGTAAAACTCGTGCCAGC; Type: anchored 5'; Length: 27; Trimmed: 2343 times

No. of allowed errors: 2

Overview of removed sequences
length	count	expect	max.err	error counts
26	8	0.0	2	0 6 2
27	2333	0.0	2	1804 515 14
28	2	0.0	2	0 2


=== Second read: Adapter 2 ===

Sequence: NNNNNNCATAGTGGGGTATCTAATCCCAGTTTG; Type: anchored 5'; Length: 33; Trimmed: 1622 times

No. of allowed errors: 2

Overview of removed sequences
length	count	expect	max.err	error counts
31	63	0.0	2	0 0 63
32	6	0.0	2	0 3 3
33	1520	0.0	2	528 489 503
34	33	0.0	2	0 33



PCR-NC-7

This is cutadapt 5.0 with Python 3.12.9
Command line parameters: --cores=0 -e 0.1 -g ^NNNNNNGTCGGTAAAACTCGTGCCAGC -G ^NNNNNNCATAGTGGGGTATCTAATCCCAGTTTG --discard-untrimmed -o 01_Cutadapt_Lib2019/FASTQ_trim/PCR-NC-7_S72_L001_R1_001_trim.fastq.gz -p 01_Cutadapt_Lib2019/FASTQ_trim/PCR-NC-7_S72_L001_R2_001_trim.fastq.gz 00_FASTQ_Lib2019/PCR-NC-7_S72_L001_R1_001.fastq.gz 00_FASTQ_Lib2019/PCR-NC-7_S72_L001_R2_001.fastq.gz
Processing paired-end reads on 10 cores ...

=== Summary ===

Total read pairs processed:              2,810
  Read 1 with adapter:                   1,957 (69.6%)
  Read 2 with adapter:                     803 (28.6%)

== Read fate breakdown ==
Pairs discarded as untrimmed:            2,007 (71.4%)
Pairs written (passing filters):           803 (28.6%)

Total basepairs processed:       451,465 bp
  Read 1:       190,986 bp
  Read 2:       260,479 bp
Total written (filtered):         73,627 bp (16.3%)
  Read 1:        38,981 bp
  Read 2:        34,646 bp

=== First read: Adapter 1 ===

Sequence: NNNNNNGTCGGTAAAACTCGTGCCAGC; Type: anchored 5'; Length: 27; Trimmed: 1957 times

No. of allowed errors: 2

Overview of removed sequences
length	count	expect	max.err	error counts
26	10	0.0	2	0 7 3
27	1945	0.0	2	1530 409 6
28	2	0.0	2	0 1 1


=== Second read: Adapter 2 ===

Sequence: NNNNNNCATAGTGGGGTATCTAATCCCAGTTTG; Type: anchored 5'; Length: 33; Trimmed: 803 times

No. of allowed errors: 2

Overview of removed sequences
length	count	expect	max.err	error counts
32	409	0.0	2	0 403 6
33	391	0.0	2	8 348 35
34	3	0.0	2	0 3



PCR-NC-8

This is cutadapt 5.0 with Python 3.12.9
Command line parameters: --cores=0 -e 0.1 -g ^NNNNNNGTCGGTAAAACTCGTGCCAGC -G ^NNNNNNCATAGTGGGGTATCTAATCCCAGTTTG --discard-untrimmed -o 01_Cutadapt_Lib2019/FASTQ_trim/PCR-NC-8_S91_L001_R1_001_trim.fastq.gz -p 01_Cutadapt_Lib2019/FASTQ_trim/PCR-NC-8_S91_L001_R2_001_trim.fastq.gz 00_FASTQ_Lib2019/PCR-NC-8_S91_L001_R1_001.fastq.gz 00_FASTQ_Lib2019/PCR-NC-8_S91_L001_R2_001.fastq.gz
Processing paired-end reads on 10 cores ...

=== Summary ===

Total read pairs processed:              3,093
  Read 1 with adapter:                   1,910 (61.8%)
  Read 2 with adapter:                   1,348 (43.6%)

== Read fate breakdown ==
Pairs discarded as untrimmed:            1,782 (57.6%)
Pairs written (passing filters):         1,311 (42.4%)

Total basepairs processed:       460,361 bp
  Read 1:       191,069 bp
  Read 2:       269,292 bp
Total written (filtered):        120,046 bp (26.1%)
  Read 1:        62,060 bp
  Read 2:        57,986 bp

=== First read: Adapter 1 ===

Sequence: NNNNNNGTCGGTAAAACTCGTGCCAGC; Type: anchored 5'; Length: 27; Trimmed: 1910 times

No. of allowed errors: 2

Overview of removed sequences
length	count	expect	max.err	error counts
25	3	0.0	2	0 0 3
26	23	0.0	2	0 21 2
27	1864	0.0	2	1529 330 5
28	20	0.0	2	0 15 5


=== Second read: Adapter 2 ===

Sequence: NNNNNNCATAGTGGGGTATCTAATCCCAGTTTG; Type: anchored 5'; Length: 33; Trimmed: 1348 times

No. of allowed errors: 2

Overview of removed sequences
length	count	expect	max.err	error counts
32	166	0.0	2	0 5 161
33	1182	0.0	2	509 338 335



Undetermined-3

This is cutadapt 5.0 with Python 3.12.9
Command line parameters: --cores=0 -e 0.1 -g ^NNNNNNGTCGGTAAAACTCGTGCCAGC -G ^NNNNNNCATAGTGGGGTATCTAATCCCAGTTTG --discard-untrimmed -o 01_Cutadapt_Lib2019/FASTQ_trim/Undetermined-3_S0_L001_R1_001_trim.fastq.gz -p 01_Cutadapt_Lib2019/FASTQ_trim/Undetermined-3_S0_L001_R2_001_trim.fastq.gz 00_FASTQ_Lib2019/Undetermined-3_S0_L001_R1_001.fastq.gz 00_FASTQ_Lib2019/Undetermined-3_S0_L001_R2_001.fastq.gz
Processing paired-end reads on 10 cores ...

=== Summary ===

Total read pairs processed:          1,574,134
  Read 1 with adapter:                 269,410 (17.1%)
  Read 2 with adapter:                 268,400 (17.1%)

== Read fate breakdown ==
Pairs discarded as untrimmed:        1,321,066 (83.9%)
Pairs written (passing filters):       253,068 (16.1%)

Total basepairs processed:   467,780,008 bp
  Read 1:   231,625,495 bp
  Read 2:   236,154,513 bp
Total written (filtered):     60,270,542 bp (12.9%)
  Read 1:    30,835,112 bp
  Read 2:    29,435,430 bp

=== First read: Adapter 1 ===

Sequence: NNNNNNGTCGGTAAAACTCGTGCCAGC; Type: anchored 5'; Length: 27; Trimmed: 269410 times

No. of allowed errors: 2

Overview of removed sequences
length	count	expect	max.err	error counts
25	510	0.0	2	0 0 510
26	1356	0.0	2	0 1134 222
27	267025	0.0	2	254989 7893 4143
28	517	0.0	2	0 400 117
29	2	0.0	2	0 0 2


=== Second read: Adapter 2 ===

Sequence: NNNNNNCATAGTGGGGTATCTAATCCCAGTTTG; Type: anchored 5'; Length: 33; Trimmed: 268400 times

No. of allowed errors: 2

Overview of removed sequences
length	count	expect	max.err	error counts
31	179	0.0	2	0 0 179
32	1703	0.0	2	0 1148 555
33	265899	0.0	2	246796 9824 9279
34	615	0.0	2	0 366 249
35	4	0.0	2	0 0 4



